"Animal Number","Sick Change Status","Sick Chance","Animal Life No. ","Lactation No.","Lactation days","Day Production","Reproduction Status","Sire","Last Insemination","Inseminate","Days Pregnant","Days to Dry Off","Expected Calving Date","Production Status","Too Late for Milking","Milk Visit Yield","Day Production (24h)","Nr of Refusal","Last Milk","Train Cow","Calving Date","Animal Tag Id"
"AVG","","","","","","","","","","","","","","","","21.0","26.5","","","","",""
"SUM","","","","","","","","","","","","","","","","","","","","","",""
"64","Increase","x","US DD1624","1","9","26.9","Open","","","","","","","In Lactation","x","0.4","26.9","0","x","","2026-04-04","3087236"
"27","Increase","x","US DD1655","1","10","33.7","Open","","","","","","","In Lactation","x","17.0","33.7","0","x","","2026-04-03","3087387"
"4","Increase","x","US DD1724","3","32","34.4","Open","","","","","","","In Lactation","x","23.4","34.4","0","x","","2026-03-12","3086632"
"62","Decrease","","US DD1627","3","198","79.8","Open Cyclic","GIANT","2026-02-02","","","","","In Lactation","","17.0","79.8","0","x","","2025-09-27","3087292"
"269","Decrease","x","DD1463","2","6","39.0","Open","","","","","","","In Lactation","","40.3","39.0","0","x","","2026-04-07","6642024"
"162","Decrease","","DD1482","2","211","64.2","Pregnant","BOLDNESS SEXED","2025-12-23","","111","109","2026-09-29","In Lactation","","20.3","64.2","0","x","","2025-09-14","5926949"
"98","Decrease","","DD1487","2","117","99.6","Inseminated","SAVYSTRIDE","2026-03-30","","","","","In Lactation","","31.5","99.6","0","x","","2025-12-17","3087882"
"31","Decrease","","DD1394","4","111","79.4","Inseminated","DO IT NOW SEXED","2026-03-14","","","","","In Lactation","","16.1","79.4","0","x","","2025-12-23","3087281"
"345","Decrease","","US DD1572","1","20","43.0","Open","","","","","","","In Lactation","","37.5","43.0","0","x","","2026-03-24","3184368"
"257","Decrease","x","US DD1648","1","5","21.4","Open","","","","","","","In Lactation","","13.4","21.4","0","x","","2026-04-08","6634640"
"39","Decrease","","US DD1662","4","489","","Pregnant","ANGUS BLEND 17","2025-08-04","","252","","2026-05-11","Dry Off","","29.1","","1","x","","2024-12-10","6642027"
"1111","","","NL 1235469870","","","","Never inseminated","","","","","","","In Lactation","","","","","","","",""
"22","","","DD1022","7","295","31.5","Pregnant","BEETHOVEN SEXED","2025-10-08","","187","33","2026-07-15","In Lactation","x","13.0","31.5","2","x","","2025-06-22","3087348"
"66","","x","DD1170","8","108","79.6","Inseminated","POWERHOUSE -SEXED","2026-02-22","","","","","In Lactation","x","19.4","79.6","0","x","","2025-12-26","3087248"
"166","","","DD1171","12","473","","Pregnant","ADAGIO","2025-07-18","","269","","2026-04-24","Dry Off","","8.2","","2","x","","2024-12-26","5927463"
"96","","","DD1196","5","234","70.8","Inseminated","ANGUS BLEND 17","2026-04-02","","","","","In Lactation","","25.6","70.8","0","x","","2025-08-22","3087977"
"182","","","DD1342","4","226","79.4","Pregnant","LUCKYCHARM SEXED","2025-12-15","","119","101","2026-09-21","In Lactation","","20.1","79.4","0","x","","2025-08-30","6634654"
"110","","","DD1351","3","255","74.3","Open Cyclic","POWERHOUSE -SEXED","2026-02-26","x","","","","In Lactation","","18.7","74.3","0","x","","2025-08-01","3087310"
"16","","","DD1357","4","229","55.8","Inseminated","CHAROLAIS BLEND 4","2026-02-24","","","","","In Lactation","","20.5","55.8","2","x","","2025-08-27","3087866"
"34","","","DD1364","4","61","68.1","Open","","","x","","","","In Lactation","x","2.6","68.1","0","x","","2026-02-11","3086177"
"76","","","DD1349","3","465","58.9","Pregnant","ANGUS BLEND 17","2026-01-28","","75","145","2026-11-04","In Lactation","","23.8","58.9","1","x","","2025-01-03","3087596"
"42","","","DD1262","6","149","33.3","Inseminated","ANGUS BLEND 17","2026-03-01","x","","","","In Lactation","","11.7","33.3","0","x","","2025-11-15","3087165"
"111","","","DD1402","3","359","72.8","Open Cyclic","CHAROLAIS BLEND 4","2026-02-10","","","","","In Lactation","","23.4","72.8","1","x","","2025-04-19","3086497"
"80","","","DD1406","3","334","56.9","Pregnant","ANGUS BLEND 17","2025-12-14","","120","100","2026-09-20","In Lactation","","17.6","56.9","0","x","","2025-05-14","3086149"
"205","","","DD1413","3","262","49.8","Inseminated","ANGUS BLEND 17","2026-02-28","x","","","","In Lactation","","19.4","49.8","0","x","","2025-07-25","5925505"
"101","","","DD1272","5","242","86.9","Pregnant","shazam","2026-02-03","","69","151","2026-11-10","In Lactation","","31.3","86.9","1","x","","2025-08-14","3087282"
"246","","","DD1411","3","453","","Pregnant","CHAROLAIS BLEND 4","2025-07-18","","269","","2026-04-24","Dry Off","","20.7","","2","x","","2025-01-15","3086605"
"57","","","DD1285","5","139","67.9","Inseminated","ANGUS BLEND 17","2026-04-02","","","","","In Lactation","","34.4","67.9","0","x","","2025-11-25","3087322"
"132","","","DD1311","4","473","","Pregnant","CHAROLAIS BLEND 4","2025-08-29","","227","","2026-06-05","Dry Off","","7.7","","0","x","","2024-12-26","3087361"
"173","","","DD1321","5","28","87.5","Open","","","","","","","In Lactation","x","0.0","87.5","0","x","","2026-03-16","3542711"
"63","","","DD1423","3","333","56.0","Pregnant","ANGUS BLEND 17","2025-12-14","","120","100","2026-09-20","In Lactation","","24.7","56.0","0","x","","2025-05-15","3086272"
"29","","","DD1595","3","293","53.8","Pregnant","SAVYSTRIDE","2025-12-03","","131","89","2026-09-09","In Lactation","","21.6","53.8","0","x","","2025-06-24","3086671"
"93","","","DD1425","3","341","73.2","Inseminated","ANGUS BLEND 17","2026-03-05","","","","","In Lactation","","17.2","73.2","0","x","","2025-05-07","3086243"
"149","","","DD1416","3","333","56.0","Pregnant","DO IT NOW SEXED","2025-10-04","","191","29","2026-07-11","In Lactation","","20.5","56.0","0","x","","2025-05-15","3087997"
"83","","","DD1426","3","216","83.6","Inseminated","ANGUS BLEND 17","2026-04-02","","","","","In Lactation","","18.1","83.6","1","x","","2025-09-09","6641288"
"46","","","DD1415","3","237","83.1","Pregnant","SAVYSTRIDE","2025-11-30","","134","86","2026-09-06","In Lactation","","17.6","83.1","0","x","","2025-08-19","3351614"
"21","","","DD1420","3","290","80.5","Pregnant","ANGUS BLEND 17","2026-01-04","","99","121","2026-10-11","In Lactation","","33.1","80.5","0","x","","2025-06-27","3087503"
"190","","","US DD1432","3","210","57.3","Inseminated","ANGUS BLEND 17","2026-04-02","","","","","In Lactation","","17.2","57.3","0","x","","2025-09-15","3353629"
"92","","","DD1433","3","190","76.5","Pregnant","shazam","2026-01-04","","99","121","2026-10-11","In Lactation","","32.8","76.5","0","x","","2025-10-05","3087516"
"78","","","DD1435","3","76","85.1","Open","","","x","","","","In Lactation","","34.0","85.1","0","x","","2026-01-27","3087494"
"103","","","DD1438","3","28","112.0","Open","","","","","","","In Lactation","","38.6","112.0","0","x","","2026-03-16","3087255"
"211","","","DD1440","1","349","73.4","Inseminated","ANGUS BLEND 17","2026-03-04","x","","","","In Lactation","","22.0","73.4","0","x","","2025-04-29","6641911"
"271","","","DD1441","2","163","54.9","Inseminated","ANGUS BLEND 17","2026-03-30","","","","","In Lactation","","17.2","54.9","0","x","","2025-11-01","6642304"
"115","","","DD1442","3","10","67.7","Open","","","","","","","In Lactation","","28.9","67.7","1","x","","2026-04-03","3087667"
"123","","","DD1443","2","316","48.1","Pregnant","BOLDIN","2025-10-20","","175","45","2026-07-27","In Lactation","","15.7","48.1","0","x","","2025-06-01","3086581"
"1063","","","DD1444","","","0.0","Open","DREAMMAKER SEX","2023-06-28","x","","","","Young Stock","","","0.0","","","","2021-11-12",""
"139","","","DD1445","2","246","52.7","Pregnant","BOLDNESS SEXED","2025-10-19","","176","44","2026-07-26","In Lactation","","25.6","52.7","0","x","","2025-08-10","3087241"
"268","","","DD1446","2","304","66.6","Pregnant","ANGUS BLEND 17","2025-12-08","","126","94","2026-09-14","In Lactation","","15.0","66.6","0","x","","2025-06-13","6641401"
"71","","","DD1447","2","375","77.4","Inseminated","CHAROLAIS BLEND 4","2026-02-17","","","","","In Lactation","","19.2","77.4","0","x","","2025-04-03","3087258"
"6","","","DD1449","2","329","92.4","Inseminated","CHAROLAIS BLEND 4","2026-02-24","","","","","In Lactation","","34.0","92.4","1","x","","2025-05-19","3087355"
"56","","","DD1453","2","232","46.3","Pregnant","SAVYSTRIDE","2025-11-08","","156","64","2026-08-15","In Lactation","x","19.0","46.3","0","x","","2025-08-24","3086452"
"222","","","DD1455","2","241","74.7","Inseminated","CHAROLAIS BLEND 4","2026-02-26","","","","","In Lactation","","15.9","74.7","0","x","","2025-08-15","6632589"
"73","","","DD1328","3","202","67.9","Inseminated","SAVYSTRIDE","2026-04-02","","","","","In Lactation","","20.7","67.9","0","x","","2025-09-23","3542905"
"1081","","","DD1459","","","0.0","Never inseminated","","","x","","","","Young Stock","","","0.0","","","","2022-02-27",""
"14","","","DD1332","4","206","68.1","Pregnant","LUCKYCHARM SEXED","2025-12-15","","119","101","2026-09-21","In Lactation","","23.8","68.1","0","x","","2025-09-19","3087979"
"118","","","US DD1456","2","335","78.5","Pregnant","","2025-11-28","","136","84","2026-09-04","In Lactation","","19.6","78.5","3","x","","2025-05-13","3087755"
"45","","","DD1462","2","338","","Pregnant","GAMEREADY SEXED","2025-07-23","","264","","2026-04-29","Dry Off","","7.5","","0","x","","2025-05-10","3086129"
"143","","","DD1467","2","242","80.7","Inseminated","ANGUS BLEND 17","2026-03-19","","","","","In Lactation","","28.2","80.7","1","x","","2025-08-14","3183515"
"199","","","DD1470","2","210","95.2","Pregnant","POWERHOUSE -SEXED","2025-12-16","","118","102","2026-09-22","In Lactation","","37.7","95.2","0","x","","2025-09-15","6633146"
"23","","","DD1471","1","370","43.4","Pregnant","GIANT","2025-09-23","","202","18","2026-06-30","In Lactation","","21.2","43.4","0","x","","2025-04-08","3087231"
"69","","","DD1473","2","326","78.3","Pregnant","ANGUS BLEND 17","2025-12-08","","126","94","2026-09-14","In Lactation","","26.0","78.3","0","x","","2025-05-22","3087141"
"127","","","DD1474","2","208","50.3","Inseminated","ANGUS BLEND 17","2026-03-30","","","","","In Lactation","","27.3","50.3","0","x","","2025-09-17","3086217"
"94","","","DD1476","2","199","69.2","Inseminated","SAVYSTRIDE","2026-04-02","","","","","In Lactation","","22.0","69.2","0","x","","2025-09-26","3087594"
"26","","","DD1478","2","248","70.1","Pregnant","ANGUS BLEND 17","2025-10-31","","164","56","2026-08-07","In Lactation","","26.5","70.1","0","x","","2025-08-08","3087118"
"108","","","DD1479","2","240","91.0","Pregnant","BOLDNESS SEXED","2025-12-23","","111","109","2026-09-29","In Lactation","","33.3","91.0","0","x","","2025-08-16","3542732"
"202","","","DD1480","2","107","68.3","Open Cyclic","","","x","","","","In Lactation","","26.9","68.3","0","x","","2025-12-27","3087167"
"152","","","DD1484","2","91","83.3","Inseminated","MITCHELL sexed","2026-03-19","","","","","In Lactation","","27.8","83.3","0","x","","2026-01-12","3353711"
"1108","","","DD1485","","","0.0","Never inseminated","","","x","","","","Young Stock","","","0.0","","","","2022-06-11",""
"124","","","DD1486","2","224","63.5","Pregnant","SAVYSTRIDE","2025-11-27","","137","83","2026-09-03","In Lactation","","18.3","63.5","0","x","","2025-09-01","3087250"
"49","","","DD1488","1","370","","Pregnant","GAMEREADY SEXED","2025-07-15","","272","","2026-04-21","Dry Off","","32.8","","0","x","","2025-04-08","3086283"
"142","","","DD1376","3","539","","Pregnant","CHAROLAIS BLEND 4","2025-08-05","","251","","2026-05-12","Dry Off","","19.6","","2","x","","2024-10-21","3086184"
"97","","","DD1373","3","484","","Pregnant","ANGUS BLEND 17","2025-10-08","","187","","2026-07-15","Dry Off","","6.2","","89","x","","2024-12-15","3088051"
"40","","","DD1397","4","141","85.3","Open Cyclic","","","","","","","In Lactation","","32.8","85.3","0","x","","2025-11-23","3087510"
"116","","","DD1407","3","380","","Pregnant","GAMEREADY SEXED","2025-07-15","","272","","2026-04-21","Dry Off","","11.5","","0","x","","2025-03-29","3086998"
"35","","","DD1400","3","385","","Pregnant","darkmatter sexed","2025-07-24","","263","","2026-04-30","Dry Off","","19.2","","0","x","","2025-03-24","3087215"
"133","","","DD1374","4","234","64.2","Inseminated","CHAROLAIS BLEND 4","2026-02-24","","","","","In Lactation","","28.7","64.2","0","x","","2025-08-22","3087396"
"28","","","DD1380","4","162","54.5","Open Cyclic","","","","","","","In Lactation","","19.4","54.5","0","x","","2025-11-02","3087460"
"91","","","US DD1396","3","460","51.4","Pregnant","ANGUS BLEND 17","2025-11-07","","157","63","2026-08-14","In Lactation","","16.1","51.4","2","x","","2025-01-08","3087334"
"151","","","DD1489","","","0.0","Inseminated","POWERHOUSE -SEXED","2025-12-19","","","","","Young Stock","","","0.0","0","","","2022-07-08","3086706"
"24","","","DD1490","2","129","76.1","Inseminated","ANGUS BLEND 17","2026-03-17","","","","","In Lactation","","18.7","76.1","0","x","","2025-12-05","3086116"
"95","","","DD1493","2","285","58.0","Pregnant","BOLDNESS SEXED","2025-09-24","","201","19","2026-07-01","In Lactation","","23.4","58.0","1","x","","2025-07-02","3086498"
"32","","","DD1494","2","112","94.8","Inseminated","SAVYSTRIDE","2026-02-28","x","","","","In Lactation","","32.6","94.8","0","x","","2025-12-22","3087545"
"47","","","DD1495","2","51","127.6","Open","","","","","","","In Lactation","","24.7","127.6","0","x","","2026-02-21","3087308"
"234","","","DD1496","2","202","80.7","Pregnant","LUCKYCHARM SEXED","2025-12-22","","112","108","2026-09-28","In Lactation","","17.6","80.7","0","x","","2025-09-23","6635136"
"250","","","DD1500","1","250","46.1","Open Cyclic","ANGUS BLEND 17","2026-01-28","","","","","In Lactation","","21.8","46.1","0","x","","2025-08-06","6635110"
"72","","","DD1501","2","61","80.9","Open Cyclic","","","","","","","In Lactation","","30.6","80.9","0","x","","2026-02-11","3087950"
"125","","","DD1502","1","351","38.6","Pregnant","GIANT","2025-09-19","","206","14","2026-06-26","In Lactation","","18.3","38.6","0","x","","2025-04-27","3087179"
"50","","","DD1503","1","271","59.5","Pregnant","CHAROLAIS BLEND 4","2026-01-28","","75","145","2026-11-04","In Lactation","","19.2","59.5","2","x","","2025-07-16","3086511"
"77","","x","DD1365","4","53","65.7","Open","","","","","","","In Lactation","","27.8","65.7","0","x","","2026-02-19","3086851"
"172","","","DD1505","1","249","48.1","Pregnant","SAVYSTRIDE","2025-11-10","","154","66","2026-08-17","In Lactation","","22.5","48.1","0","x","","2025-08-07","3351267"
"220","","","DD1506","1","423","","Pregnant","","2025-08-05","","251","","2026-05-12","Dry Off","","17.0","","1","x","","2025-02-14","6633304"
"213","","","DD1507","1","271","66.6","Pregnant","ADAGIO","2026-02-08","","64","156","2026-11-15","In Lactation","","24.9","66.6","0","x","","2025-07-16","6635043"
"53","","","DD1508","1","277","81.3","Pregnant","CHAROLAIS BLEND 4","2026-02-02","","70","150","2026-11-09","In Lactation","","26.7","81.3","0","x","","2025-07-10","3086247"
"55","","","DD1510","1","285","37.9","Pregnant","GIANT","2025-10-31","","164","56","2026-08-07","In Lactation","x","10.6","37.9","0","x","","2025-07-02","3183487"
"214","","","DD1511","1","303","60.8","Pregnant","ANGUS BLEND 17","2025-10-27","","168","52","2026-08-03","In Lactation","","25.1","60.8","0","x","","2025-06-14","6635135"
"1141","","","DD1512","","","0.0","Never inseminated","","","x","","","","Young Stock","","","0.0","","","","2022-09-08",""
"183","","","DD1513","1","273","73.4","Pregnant","ANGUS BLEND 17","2026-01-02","","101","119","2026-10-09","In Lactation","","22.9","73.4","3","x","","2025-07-14","3087417"
"41","","","DD1514","1","281","73.2","Pregnant","SAVYSTRIDE","2025-11-10","","154","66","2026-08-17","In Lactation","","21.2","73.2","0","x","","2025-07-06","3087391"
"808","","","DD1521","1","242","58.0","Pregnant","POWERHOUSE -SEXED","2025-12-23","","111","109","2026-09-29","In Lactation","","19.0","58.0","0","x","","2025-08-14","3087269"
"87","","","DD1522","1","302","55.1","Pregnant","DO IT NOW SEXED","2025-09-02","","223","-3","2026-06-09","In Lactation","","29.3","55.1","11","x","","2025-06-15","3087609"
"82","","","DD1523","1","287","37.5","Pregnant","BOLDNESS SEXED","2025-10-08","","187","33","2026-07-15","In Lactation","x","17.0","37.5","0","x","","2025-06-30","3087220"
"803","","","DD1524","1","262","50.9","Inseminated","ANGUS BLEND 17","2026-03-04","x","","","","In Lactation","","19.4","50.9","0","x","","2025-07-25","5927959"
"140","","","DD1525","1","259","50.7","Pregnant","BOLDIN","2025-10-20","","175","45","2026-07-27","In Lactation","","20.9","50.7","0","x","","2025-07-28","3352078"
"158","","","DD1528","1","275","59.1","Pregnant","SAVYSTRIDE","2025-12-21","","113","107","2026-09-27","In Lactation","","19.4","59.1","0","x","","2025-07-12","3087680"
"1157","","","DD1529","","","0.0","Never inseminated","","","x","","","","Young Stock","","","0.0","","","","2022-10-08",""
"206","","","DD1530","1","262","49.4","Pregnant","MITCHELL sexed","2025-10-04","","191","29","2026-07-11","In Lactation","x","0.0","49.4","0","x","","2025-07-25","3543433"
"1162","","","DD1533","","","0.0","Never inseminated","","","x","","","","Young Stock","","","0.0","","","","2022-10-31",""
"804","","","US DD1393","3","415","34.0","Open Cyclic","ANGUS BLEND 17","2026-03-05","x","","","","In Lactation","","13.0","34.0","0","x","","2025-02-22","3087379"
"48","","","DD1534","1","246","54.2","Pregnant","GIANT","2025-10-16","","179","41","2026-07-23","In Lactation","","18.3","54.2","0","x","","2025-08-10","3087565"
"148","","","DD1535","1","286","68.3","Pregnant","BEETHOVEN SEXED","2025-09-20","","205","15","2026-06-27","In Lactation","","19.0","68.3","0","x","","2025-07-01","3087735"
"262","","","DD1537","1","291","52.7","Pregnant","DO IT NOW SEXED","2025-12-17","","117","103","2026-09-23","In Lactation","","30.2","52.7","0","x","","2025-06-26","6634652"
"1169","","","DD1539","","","0.0","Never inseminated","","","x","","","","Young Stock","","","0.0","","","","2022-12-01",""
"134","","","DD1540","1","163","61.3","Inseminated","SAVYSTRIDE","2026-03-26","","","","","In Lactation","","16.8","61.3","0","x","","2025-11-01","3087229"
"7","","","DD1542","1","278","44.1","Pregnant","BOLDNESS SEXED","2025-09-22","","203","17","2026-06-29","In Lactation","","23.1","44.1","0","x","","2025-07-09","3087274"
"207","","","DD1543","1","265","53.4","Pregnant","BOLDNESS SEXED","2025-09-22","","203","17","2026-06-29","In Lactation","","16.8","53.4","4","x","","2025-07-22","3086128"
"1174","","","DD1544","","","0.0","Never inseminated","","","x","","","","Young Stock","","","0.0","","","","2022-12-16",""
"15","","","DD1546","1","286","46.7","Pregnant","BEETHOVEN SEXED","2025-10-21","","174","46","2026-07-28","In Lactation","","24.0","46.7","1","x","","2025-07-01","3087121"
"135","","","DD1547","1","456","","Pregnant","CHAROLAIS BLEND 4","2025-09-20","","205","","2026-06-27","Dry Off","","21.4","","81","x","","2025-01-12","3086678"
"159","","","DD1548","1","299","73.0","Inseminated","LUCKYCHARM SEXED","2026-02-16","","","","","In Lactation","","24.3","73.0","0","x","","2025-06-18","3087807"
"61","","","DD1550","1","266","50.5","Pregnant","ANGUS BLEND 17","2025-11-17","","147","73","2026-08-24","In Lactation","","17.2","50.5","1","x","","2025-07-21","3086148"
"155","","","DD1551","1","296","47.8","Pregnant","GIANT","2025-09-23","","202","18","2026-06-30","In Lactation","","15.0","47.8","0","x","","2025-06-21","3086104"
"1183","","","DD1553","","","0.0","Never inseminated","","","x","","","","Young Stock","","","0.0","","","","2023-01-31",""
"1184","","","US DD1554","","","0.0","Never inseminated","","","x","","","","Young Stock","","","0.0","","","","2023-02-14",""
"106","","","US DD1556","","","0.0","Inseminated","LUCKYCHARM SEXED","2026-02-16","","","","","Young Stock","","","0.0","0","","","2023-02-19","3087159"
"20","","","DD1558","1","153","51.6","Inseminated","ANGUS BLEND 17","2026-03-19","","","","","In Lactation","","21.8","51.6","0","x","","2025-11-11","3086114"
"74","","","US DD1559","1","266","55.6","Inseminated","ANGUS BLEND 17","2026-03-19","","","","","In Lactation","","19.6","55.6","3","x","","2025-07-21","3087864"
"264","","","US DD1560","1","279","46.1","Pregnant","SAVYSTRIDE","2025-11-27","","137","83","2026-09-03","In Lactation","","15.7","46.1","0","x","","2025-07-08","6633230"
"165","","","US DD1563","1","291","54.7","Inseminated","ANGUS BLEND 17","2026-03-04","x","","","","In Lactation","","23.6","54.7","0","x","","2025-06-26","5925519"
"186","","","US DD1564","1","253","66.8","Pregnant","GIANT","2025-09-23","","202","18","2026-06-30","In Lactation","","28.0","66.8","0","x","","2025-08-03","3087125"
"84","","","US DD1565","1","257","80.0","Inseminated","ANGUS BLEND 17","2026-03-23","x","","","","In Lactation","","31.3","80.0","0","x","","2025-07-30","3086109"
"25","","","US DD1567","1","284","28.7","Pregnant","ADAGIO","2025-09-26","","199","21","2026-07-03","In Lactation","","10.1","28.7","1","x","","2025-07-03","3087364"
"168","","","US DD1568","1","260","81.6","Inseminated","ANGUS BLEND 17","2026-03-05","","","","","In Lactation","","27.1","81.6","0","x","","2025-07-27","3183540"
"1200","","","US DD1569","","","0.0","Pregnant","Anderson Bull 3-25-2025","2025-10-30","","165","","2026-08-06","Young Stock","","","0.0","","","","2023-05-01",""
"1201","","","US DD1570","","","0.0","Never inseminated","","","x","","","","Young Stock","","","0.0","","","","2023-05-04",""
"10","","","US DD1571","1","272","56.0","Pregnant","MITCHELL sexed","2025-09-07","","218","2","2026-06-14","In Lactation","","27.3","56.0","0","x","","2025-07-15","3086174"
"263","","","US DD1573","1","157","34.2","Open Cyclic","BOLDNESS SEXED","2026-02-09","","","","","In Lactation","x","5.1","34.2","0","x","","2025-11-07","6634659"
"99","","","US DD1585","1","249","53.4","Pregnant","BEETHOVEN SEXED","2025-10-12","","183","37","2026-07-19","In Lactation","","21.6","53.4","1","x","","2025-08-07","3352005"
"185","","","US DD1586","1","245","54.0","Pregnant","GIANT","2025-12-24","","110","110","2026-09-30","In Lactation","x","1.3","54.0","2","x","","2025-08-11","3087303"
"1219","","","US DD1589","","","0.0","Never inseminated","","","x","","","","Young Stock","","","0.0","","","","2023-06-06",""
"1220","","","US DD1590","","","0.0","Pregnant","Anderson Bull 3-25-2025","2025-07-22","","265","","2026-04-28","Young Stock","","","0.0","","","","2023-06-10",""
"1222","","","US DD1600","","","0.0","Never inseminated","","","x","","","","Young Stock","","","0.0","","","","2023-06-18",""
"1223","","","US DD1601","","","0.0","Never inseminated","","","x","","","","Young Stock","","","0.0","","","","2023-06-18",""
"90","","","DD1599","1","13","54.5","Open","","","","","","","In Lactation","","14.8","54.5","0","x","","2026-03-31","3087156"
"13","","","US DD1602","3","222","52.5","Inseminated","POWERHOUSE -SEXED","2026-02-09","x","","","","In Lactation","x","1.1","52.5","0","x","","2025-09-03","3086569"
"255","","","US DD1603","1","145","58.0","Inseminated","CHAROLAIS BLEND 4","2026-04-11","","","","","In Lactation","","22.9","58.0","0","x","","2025-11-19","6635055"
"147","","","US DD1604","2","619","32.4","Pregnant","ANGUS BLEND 17","2025-12-06","","128","92","2026-09-12","In Lactation","","20.9","32.4","0","x","","2024-08-02","3086154"
"1226","","","US DD1605","","","0.0","Never inseminated","","","x","","","","Young Stock","","","0.0","","","","2023-06-24",""
"156","","","US DD1607","3","240","71.2","Inseminated","POWERHOUSE -SEXED","2026-02-09","x","","","","In Lactation","x","10.1","71.2","0","x","","2025-08-16","3085889"
"88","","","US DD1608","1","19","59.1","Open","","","","","","","In Lactation","","13.4","59.1","0","x","","2026-03-25","3087586"
"86","","","US DD1610","1","290","43.9","Pregnant","SMITTEN SEXED","2025-09-08","","217","3","2026-06-15","In Lactation","","22.0","43.9","0","x","","2025-06-27","3087212"
"109","","","US DD1611","1","253","49.8","Inseminated","ANGUS BLEND 17","2026-03-27","","","","","In Lactation","","22.0","49.8","0","x","","2025-08-03","3353222"
"1230","","","US DD1614","","","0.0","Never inseminated","","","x","","","","Young Stock","","","0.0","","","","2023-07-05",""
"252","","","US DD1617","1","19","70.5","Open","","","","","","","In Lactation","","19.0","70.5","0","x","","2026-03-25","6641942"
"1234","","","US DD1619","","","0.0","Never inseminated","","","x","","","","Young Stock","","","0.0","","","","2023-07-30",""
"1236","","","US DD1621","","","0.0","Never inseminated","","","x","","","","Young Stock","","","0.0","","","","2023-08-14",""
"1237","","","US DD1622","","","0.0","Never inseminated","","","x","","","","Young Stock","","","0.0","","","","2023-08-19",""
"1238","","","US DD1623","","","0.0","Never inseminated","","","x","","","","Young Stock","","","0.0","","","","2023-08-22",""
"346","","","US DD1625","1","23","65.5","Open","","","","","","","In Lactation","","28.2","65.5","0","x","","2026-03-21","3183472"
"1242","","","US DD1630","","","0.0","Pregnant","Anderson Bull 3-25-2025","2025-08-01","","255","","2026-05-08","Young Stock","","","0.0","","","","2023-08-28",""
"1243","","","US DD1629","","","0.0","Pregnant","Anderson Bull 3-25-2025","2026-01-24","","79","","2026-10-31","Young Stock","","","0.0","","","","2023-08-30",""
"1245","","","US DD1633","","","0.0","Pregnant","Anderson Bull 3-25-2025","2025-08-11","","245","","2026-05-18","Young Stock","","","0.0","","","","2023-09-07",""
"204","","","US DD1634","1","14","66.6","Open","","","","","","","In Lactation","","18.5","66.6","0","x","","2026-03-30","5925507"
"1247","","","US DD1635","","","0.0","Pregnant","Anderson Bull 3-25-2025","2025-07-12","","275","","2026-04-18","Young Stock","","","0.0","","","","2023-09-17",""
"1248","","","US DD1636","","","0.0","Pregnant","Anderson Bull 3-25-2025","2025-08-01","","255","","2026-05-08","Young Stock","","","0.0","","","","2023-09-17",""
"1249","","","US DD1637","","","0.0","Pregnant","Anderson Bull 3-25-2025","2025-10-30","","165","","2026-08-06","Young Stock","","","0.0","","","","2023-09-21",""
"1250","","","US DD1638","","","0.0","Pregnant","Anderson Bull 3-25-2025","2025-08-01","","255","","2026-05-08","Young Stock","","","0.0","","","","2023-09-23",""
"1251","","","US DD1639","","","0.0","Never inseminated","","","x","","","","Young Stock","","","0.0","","","","2023-09-26",""
"60","","x","US DD1640","1","14","45.2","Open","","","","","","","In Lactation","x","2.4","45.2","2","x","","2026-03-30","3087116"
"1253","","","US DD1641","","","0.0","Never inseminated","","","x","","","","Young Stock","","","0.0","","","","2023-10-21",""
"30","","","US DD1646","1","2","34.6","Open","","","","","","","In Lactation","","22.9","34.6","0","x","","2026-04-11","3087392"
"216","","","US DD1642","3","234","73.4","Inseminated","ANGUS BLEND 17","2026-02-18","","","","","In Lactation","","29.5","73.4","0","x","","2025-08-22","6634679"
"1256","","","US DD1647","","","0.0","Pregnant","Anderson Bull 3-25-2025","2025-09-10","","215","","2026-06-17","Young Stock","","","0.0","","","","2023-10-26",""
"247","","","US DD1649","1","20","66.8","Open","","","","","","","In Lactation","","15.2","66.8","4","x","","2026-03-24","6641939"
"265","","","US DD1650","1","20","67.0","Open","","","","","","","In Lactation","","19.6","67.0","0","x","","2026-03-24","6641319"
"137","","","US DD1652","1","16","49.6","Open","","","","","","","In Lactation","","26.0","49.6","0","x","","2026-03-28","3087194"
"1261","","","US DD1653","1","14","","Open","","","","","","","Dry Off","","","","","","","2026-03-30",""
"2","","","US DD1654","1","24","57.8","Open","","","","","","","In Lactation","","32.6","57.8","0","x","","2026-03-20","3086479"
"1264","","","US DD1656","","","0.0","Keep Open","","","","","","","Young Stock","","","0.0","","","","2023-11-26",""
"17","","","US DD1660","3","338","77.2","Inseminated","ANGUS BLEND 17","2026-04-02","","","","","In Lactation","","28.2","77.2","0","x","","2025-05-10","3086731"
"203","","x","US DD1671","3","94","89.3","Open","","","x","","","","In Lactation","x","58.9","89.3","0","x","","2026-01-09","5926241"
"1266","","","US DD1672","","","0.0","Never inseminated","","","x","","","","Young Stock","","","0.0","","","","2023-11-30",""
"746","","","US DD1674","1","22","71.4","Open","","","","","","","In Lactation","","16.5","71.4","0","x","","2026-03-22","3351299"
"43","","","US DD1675","3","54","84.9","Open","","","","","","","In Lactation","","28.9","84.9","0","x","","2026-02-18","3086557"
"1268","","","US DD1676","","","0.0","Pregnant","Anderson Bull 3-25-2025","2025-11-19","","145","","2026-08-26","Young Stock","","","0.0","","","","2023-12-04",""
"1269","","","US DD1677","","","0.0","Never inseminated","","","x","","","","Young Stock","","","0.0","","","","2023-12-04",""
"1270","","","US DD1679","","","0.0","Pregnant","Anderson Bull 3-25-2025","2025-10-30","","165","","2026-08-06","Young Stock","","","0.0","","","","2023-12-06",""
"1271","","","US DD1680","","","0.0","Never inseminated","","","x","","","","Young Stock","","","0.0","","","","2023-12-11",""
"193","","","US DD1687","3","242","67.5","Inseminated","SAVYSTRIDE","2026-02-17","","","","","In Lactation","","16.5","67.5","0","x","","2025-08-14","6635122"
"188","","","US DD1683","2","525","","Pregnant","ANGUS BLEND 17","2025-07-14","","273","","2026-04-20","Dry Off","","9.7","","0","x","","2024-11-04","6632868"
"568","","","US DD1699","3","62","80.2","Open Cyclic","","","x","","","","In Lactation","","17.2","80.2","0","x","","2026-02-10","3184472"
"212","","","US DD1693","3","344","","Pregnant","GAMEREADY SEXED","2025-08-29","","227","","2026-06-05","Dry Off","","16.1","","0","x","","2025-05-04","6635120"
"208","","","US DD1689","3","132","91.9","Inseminated","DO IT NOW SEXED","2026-04-03","","","","","In Lactation","x","4.4","91.9","3","x","","2025-12-02","6633192"
"192","","","US DD1686","3","246","42.1","Open Cyclic","GIANT","2025-10-27","","","","","In Lactation","","13.0","42.1","0","x","","2025-08-10","3543451"
"210","","","US DD1691","2","406","57.3","Pregnant","CHAROLAIS BLEND 4","2026-02-05","","67","153","2026-11-12","In Lactation","","19.8","57.3","0","x","","2025-03-03","6632735"
"131","","","US DD1696","3","39","96.6","Open","","","","","","","In Lactation","","19.6","96.6","0","x","","2026-03-05","3087351"
"138","","","US DD1697","2","581","32.8","Keep Open","CHAROLAIS BLEND 4","2025-09-24","","","","","In Lactation","","11.7","32.8","0","x","","2024-09-09","3086806"
"121","","","US DD1700","3","47","108.2","Open","","","","","","","In Lactation","","37.9","108.2","0","x","","2026-02-25","3087395"
"1272","","","US 1703","","","0.0","Never inseminated","","","x","","","","Young Stock","","","0.0","","","","2023-12-18",""
"1274","","","US DD1705","","","0.0","Pregnant","Anderson Bull 3-25-2025","2025-07-12","","275","","2026-04-18","Young Stock","","","0.0","","","","2023-12-20",""
"217","","","US DD1706","3","52","97.9","Open","","","","","","","In Lactation","","37.7","97.9","0","x","","2026-02-20","6634709"
"67","","","US DD1707","1","14","55.3","Open","","","","","","","In Lactation","","20.7","55.3","1","x","","2026-03-30","3086685"
"1276","","","US DD1708","","","0.0","Keep Open","","","","","","","Young Stock","","","0.0","","","","2023-12-22",""
"218","","","US DD1712","3","86","80.2","Open Cyclic","","","x","","","","In Lactation","","19.8","80.2","0","x","","2026-01-17","6632897"
"223","","","US DD1714","2","326","50.0","Pregnant","GIANT","2026-01-03","","100","120","2026-10-10","In Lactation","","26.9","50.0","0","x","","2025-05-22","6632661"
"224","","","US DD1716","3","22","73.6","Open","","","","","","","In Lactation","x","22.7","73.6","0","x","","2026-03-22","6642406"
"1278","","","US DD1719","","","0.0","Never inseminated","","","x","","","","Young Stock","","","0.0","","","","2023-12-27",""
"1279","","","US DD1720","","","0.0","Never inseminated","","","x","","","","Young Stock","","","0.0","","","","2023-12-27",""
"1277","","","US DD1715","","","0.0","Never inseminated","","","x","","","","Young Stock","","","0.0","","","","2023-12-28",""
"1280","","","US DD1721","","","0.0","Pregnant","Anderson Bull 3-25-2025","2025-11-04","","160","","2026-08-11","Young Stock","","","0.0","","","","2023-12-29",""
"227","","","US DD1723","2","387","76.1","Pregnant","ANGUS BLEND 17","2025-11-07","","157","63","2026-08-14","In Lactation","","24.0","76.1","0","x","","2025-03-22","6632644"
"236","","","US DD1722","1","31","60.8","Open","","","","","","","In Lactation","","21.6","60.8","0","x","","2026-03-13","6632625"
"1283","","","US DD1726","","","0.0","Pregnant","Anderson Bull 3-25-2025","2025-08-21","","235","","2026-05-28","Young Stock","","","0.0","","","","2024-01-20",""
"52","","","DD1733","1","20","73.0","Open","","","","","","","In Lactation","","20.5","73.0","2","x","","2026-03-24","3087406"
"1284","","","US DD1731","","","0.0","Pregnant","Anderson Bull 3-25-2025","2025-08-21","","235","","2026-05-28","Young Stock","","","0.0","","","","2024-01-25",""
"1286","","","US 1734","","","0.0","Pregnant","Anderson Bull 3-25-2025","2025-07-12","","275","","2026-04-18","Young Stock","","","0.0","","","","2024-01-26",""
"1287","","","US DD1736","","","0.0","Never inseminated","","","x","","","","Young Stock","","","0.0","","","","2024-01-27",""
"1288","","","US DD1737","","","0.0","Never inseminated","","","x","","","","Young Stock","","","0.0","","","","2024-01-27",""
"266","","","US 1738","1","28","58.9","Open","","","","","","","In Lactation","","17.4","58.9","0","x","","2026-03-16","6640786"
"226","","","US DD1739","2","317","31.1","Pregnant","CHAROLAIS BLEND 4","2025-11-02","","162","58","2026-08-09","In Lactation","","13.7","31.1","0","x","","2025-05-31","6634736"
"1290","","","US DD1740","","","0.0","Never inseminated","","","x","","","","Young Stock","","","0.0","","","","2024-02-05",""
"1291","","","US 1741","","","0.0","Pregnant","Anderson Bull 3-25-2025","2025-07-22","","265","","2026-04-28","Young Stock","","","0.0","","","","2024-02-08",""
"1292","","","US DD1743","","","0.0","Pregnant","Anderson Bull 3-25-2025","2025-12-30","","104","","2026-10-06","Young Stock","","","0.0","","","","2024-02-10",""
"3","","","US 1744","1","21","59.5","Open","","","","","","","In Lactation","","20.9","59.5","0","x","","2026-03-23","3086603"
"1294","","","US 1745","","","0.0","Never inseminated","","","x","","","","Young Stock","","","0.0","","","","2024-02-13",""
"184","","x","US DD1747","1","20","19.8","Open","","","","","","","In Lactation","","15.2","19.8","2","x","","2026-03-24","3183423"
"105","","","US DD1748","2","138","101.9","Inseminated","SAVYSTRIDE","2026-04-05","","","","","In Lactation","","37.5","101.9","0","x","","2025-11-26","3087401"
"163","","","US DD1751","1","31","62.6","Open Cyclic","","","","","","","In Lactation","","14.3","62.6","3","x","","2026-03-13","3352744"
"12","","","US DD1752","1","1","17.9","Open","","","","","","","In Lactation","","13.0","17.9","0","x","","2026-04-12","3086327"
"144","","","US DD1755","1","18","51.8","Open","","","","","","","In Lactation","","13.7","51.8","3","x","","2026-03-26","3087427"
"1299","","","US DD1756","","","0.0","Pregnant","Anderson Bull 3-25-2025","2026-01-09","","94","","2026-10-16","Young Stock","","","0.0","","","","2024-02-27",""
"145","","","US DD1758","1","20","50.3","Open","","","","","","","In Lactation","","13.2","50.3","0","x","","2026-03-24","3086699"
"128","","","US DD1759","2","423","","Pregnant","DO IT NOW SEXED","2025-09-07","","218","","2026-06-14","Dry Off","","5.7","","0","x","","2025-02-14","3087160"
"1301","","","US DD1760","","","0.0","Pregnant","Anderson Bull 3-25-2025","2025-12-30","","104","","2026-10-06","Young Stock","","","0.0","","","","2024-03-02",""
"146","","","US DD1761","1","18","52.0","Open","","","","","","","In Lactation","x","25.1","52.0","0","x","","2026-03-26","3087034"
"58","","","US DD1766","2","379","67.9","Pregnant","ANGUS BLEND 17","2025-12-22","","112","108","2026-09-28","In Lactation","","25.1","67.9","0","x","","2025-03-30","3086115"
"59","","","US DD1767","2","392","15.7","Pregnant","MITCHELL sexed","2025-08-04","","252","-32","2026-05-11","In Lactation","x","12.8","15.7","0","x","","2025-03-17","3087697"
"37","","","US DD1768","2","363","53.6","Pregnant","CHAROLAIS BLEND 4","2025-11-10","","154","66","2026-08-17","In Lactation","","29.3","53.6","0","x","","2025-04-15","3087451"
"164","","","US DD1769","3","12","100.3","Open","","","","","","","In Lactation","x","24.5","100.3","0","x","","2026-04-01","3542845"
"89","","","US DD1763","2","318","64.4","Pregnant","ANGUS BLEND 17","2025-10-20","","175","45","2026-07-27","In Lactation","","23.4","64.4","0","x","","2025-05-30","3087349"
"1304","","","US DD1773","","","0.0","Pregnant","Anderson Bull 3-25-2025","2026-01-04","","99","","2026-10-11","Young Stock","","","0.0","","","","2024-03-16",""
"1305","","","US DD1774","","","0.0","Never inseminated","","","x","","","","Young Stock","","","0.0","","","","2024-03-17",""
"117","","","US DD1775","1","20","46.5","Open","","","","","","","In Lactation","x","1.8","46.5","0","x","","2026-03-24","3087338"
"1307","","","US DD1776","","","0.0","Pregnant","Anderson Bull 3-25-2025","2026-02-03","","69","","2026-11-10","Young Stock","","","0.0","","","","2024-03-28",""
"1308","","","US DD1777","","","0.0","Pregnant","Anderson Bull 3-25-2025","2026-01-09","","94","","2026-10-16","Young Stock","","","0.0","","","","2024-03-30",""
"1309","","","US DD1778","","","0.0","Never inseminated","","","x","","","","Young Stock","","","0.0","","","","2024-03-30",""
"1310","","","US DD1780","","","0.0","Never inseminated","","","x","","","","Young Stock","","","0.0","","","","2024-04-01",""
"1311","","","US DD1781","","","0.0","Never inseminated","","","x","","","","Young Stock","","","0.0","","","","2024-04-01",""
"1312","","","US DD1785","","","0.0","Pregnant","Anderson Bull 3-25-2025","2025-07-22","","265","","2026-04-28","Young Stock","","","0.0","","","","2024-04-02",""
"1313","","","US DD1786","","","0.0","Never inseminated","","","x","","","","Young Stock","","","0.0","","","","2024-04-02",""
"1314","","","US DD1787","","","0.0","Never inseminated","","","x","","","","Young Stock","","","0.0","","","","2024-04-03",""
"215","","","US 1788","1","33","75.8","Open","","","","","","","In Lactation","","21.4","75.8","0","x","","2026-03-11","6641856"
"1316","","","US DD1789","","","0.0","Never inseminated","","","x","","","","Young Stock","","","0.0","","","","2024-04-13",""
"1317","","","US 1789","","","0.0","Never inseminated","","","x","","","","Young Stock","","","0.0","","","","2024-04-15",""
"1318","","","US 1790","","","0.0","Never inseminated","","","x","","","","Young Stock","","","0.0","","","","2024-04-15",""
"1319","","","US DD1791","","","0.0","Never inseminated","","","x","","","","Young Stock","","","0.0","","","","2024-04-16",""
"238","","","US DD1798","2","218","63.1","Inseminated","ANGUS BLEND 17","2026-04-03","","","","","In Lactation","","23.4","63.1","0","x","","2025-09-07","6634733"
"232","","","US DD1792","3","162","84.0","Open Cyclic","","","x","","","","In Lactation","","31.3","84.0","0","x","","2025-11-02","6632637"
"243","","x","US DD1803","3","119","78.9","Inseminated","ANGUS BLEND 17","2026-04-03","","","","","In Lactation","","33.1","78.9","0","x","","2025-12-15","6633246"
"239","","","US DD1799","5","55","110.2","Open","","","","","","","In Lactation","","26.7","110.2","2","x","","2026-02-17","6641905"
"235","","","US DD1795","4","208","93.3","Inseminated","POWERHOUSE -SEXED","2026-02-24","","","","","In Lactation","","29.1","93.3","2","x","","2025-09-17","6633202"
"240","","","US DD1800","4","360","25.4","Pregnant","ANGUS BLEND 17","2025-11-07","","157","63","2026-08-14","In Lactation","","7.9","25.4","1","x","","2025-04-18","6633288"
"241","","","US DD1801","3","401","44.3","Pregnant","ANGUS BLEND 17","2025-10-26","","169","51","2026-08-02","In Lactation","","18.3","44.3","0","x","","2025-03-08","6634711"
"237","","","US DD1797","2","388","","Pregnant","BEETHOVEN SEXED","2025-09-11","","214","","2026-06-18","Dry Off","","2.4","","9","x","","2025-03-21","6635029"
"1320","","","US DD1804","","","0.0","Never inseminated","","","x","","","","Young Stock","","","0.0","","","","2024-04-22",""
"233","","","US DD1793","3","329","63.1","Pregnant","DO IT NOW SEXED","2026-01-10","","93","127","2026-10-17","In Lactation","","26.2","63.1","0","x","","2025-05-19","6634664"
"1321","","","US DD1805","","","0.0","Never inseminated","","","x","","","","Young Stock","","","0.0","","","","2024-04-24",""
"1322","","","US DD1806","","","0.0","Never inseminated","","","x","","","","Young Stock","","","0.0","","","","2024-04-29",""
"244","","","US DD1810","3","230","73.4","Inseminated","DO IT NOW SEXED","2026-04-03","","","","","In Lactation","","20.1","73.4","0","x","","2025-08-26","6632803"
"245","","","US DD1811","4","177","","Inseminated","POWERHOUSE","2026-02-24","","","","","Dry Off","","21.6","","38","x","","2025-10-18","6634963"
"1323","","","US DD1812","","","0.0","Inseminated","DO IT NOW SEXED","2026-04-04","","","","","Young Stock","","","0.0","0","","","2024-05-03","3543443"
"1324","","","US DD1813","","","0.0","Never inseminated","","","x","","","","Young Stock","","","0.0","","","","2024-05-04",""
"1325","","","US 1815","","","0.0","Never inseminated","","","x","","","","Young Stock","","","0.0","","","","2024-05-06",""
"248","","","US DD1816","4","333","75.6","Inseminated","ANGUS BLEND 17","2026-03-14","","","","","In Lactation","","36.4","75.6","0","x","","2025-05-15","6635044"
"253","","","US DD1821","4","472","49.8","Inseminated","ANGUS BLEND 17","2026-04-04","","","","","In Lactation","","18.5","49.8","0","x","","2024-12-27","6634702"
"136","","","US DD1819","4","237","58.6","Inseminated","CHAROLAIS BLEND 4","2026-02-24","","","","","In Lactation","","25.1","58.6","0","x","","2025-08-19","3087368"
"260","","","US DD1828","3","193","60.6","Inseminated","SMITTEN SEXED","2026-02-20","","","","","In Lactation","","20.5","60.6","0","x","","2025-10-02","6634655"
"256","","","US DD1824","4","187","102.3","Inseminated","ANGUS BLEND 17","2026-03-14","","","","","In Lactation","","24.5","102.3","0","x","","2025-10-08","6634673"
"261","","","US DD1829","3","142","95.7","Open Cyclic","POWERHOUSE -SEXED","2026-02-09","","","","","In Lactation","","29.3","95.7","0","x","","2025-11-22","6634657"
"258","","","US DD1826","4","363","","Pregnant","MITCHELL sexed","2025-07-18","","269","","2026-04-24","Dry Off","","23.6","","3","x","","2025-04-15","6641953"
"1326","","","US DD1326","","","0.0","Never inseminated","","","x","","","","Young Stock","","","0.0","","","","2024-05-11",""
"1327","","","US DD1832","","","0.0","Never inseminated","","","x","","","","Young Stock","","","0.0","","","","2024-05-15",""
"1328","","","US DD1833","","","0.0","Never inseminated","","","x","","","","Young Stock","","","0.0","","","","2024-05-16",""
"231","","","US DD1834","6","222","22.7","Keep Open","BOLDNESS SEXED","2026-01-28","","","","","In Lactation","","7.5","22.7","0","x","","2025-09-03","6635053"
"221","","","US DD1836","4","212","78.9","Pregnant","LUCKYCHARM SEXED","2025-11-25","","139","81","2026-09-01","In Lactation","x","37.7","78.9","0","x","","2025-09-13","6635124"
"1329","","","US DD1835","","","0.0","Never inseminated","","","x","","","","Young Stock","","","0.0","","","","2024-05-25",""
"1331","","","US DD1841","","","0.0","Never inseminated","","","x","","","","Young Stock","","","0.0","","","","2024-05-27",""
"1330","","","US DD1840","","","0.0","Never inseminated","","","x","","","","Young Stock","","","0.0","","","","2024-05-27",""
"1332","","","US DD1842","","","0.0","Never inseminated","","","x","","","","Young Stock","","","0.0","","","","2024-05-29",""
"787","","","US DD1846","3","232","34.8","Open Cyclic","","","","","","","In Lactation","","11.7","34.8","0","x","","2025-08-24","3184144"
"1335","","","US DD1848","","","0.0","Never inseminated","","","x","","","","Young Stock","","","0.0","","","","2024-06-04",""
"1336","","","US DD1849","","","0.0","Never inseminated","","","x","","","","Young Stock","","","0.0","","","","2024-06-04",""
"1337","","","US DD1851","","","0.0","Never inseminated","","","x","","","","Young Stock","","","0.0","","","","2024-06-08",""
"1338","","","US DD1852","","","0.0","Never inseminated","","","x","","","","Young Stock","","","0.0","","","","2024-06-08",""
"1339","","","US DD1853","","","0.0","Never inseminated","","","x","","","","Young Stock","","","0.0","","","","2024-06-14",""
"1340","","","US DD1855","","","0.0","Never inseminated","","","x","","","","Young Stock","","","0.0","","","","2024-06-14",""
"1341","","","US DD1856","","","0.0","Never inseminated","","","x","","","","Young Stock","","","0.0","","","","2024-06-16",""
"1342","","","US DD1858","","","0.0","Never inseminated","","","x","","","","Young Stock","","","0.0","","","","2024-06-19",""
"1343","","","US 1859","","","0.0","Never inseminated","","","x","","","","Young Stock","","","0.0","","","","2024-06-20",""
"1345","","","US DD1861","","","0.0","Never inseminated","","","x","","","","Young Stock","","","0.0","","","","2024-06-21",""
"1344","","","US DD1860","","","0.0","Never inseminated","","","x","","","","Young Stock","","","0.0","","","","2024-06-21",""
"1347","","","US DD1863","","","0.0","Never inseminated","","","x","","","","Young Stock","","","0.0","","","","2024-06-22",""
"1346","","","US DD1862","","","0.0","Never inseminated","","","x","","","","Young Stock","","","0.0","","","","2024-06-22",""
"1348","","","US DD1864","","","0.0","Never inseminated","","","x","","","","Young Stock","","","0.0","","","","2024-06-25",""
"1349","","","US DD1865","","","0.0","Never inseminated","","","x","","","","Young Stock","","","0.0","","","","2024-06-26",""
"1350","","","US DD1866","","","0.0","Never inseminated","","","x","","","","Young Stock","","","0.0","","","","2024-06-28",""
"1351","","","US DD1867","","","0.0","Never inseminated","","","x","","","","Young Stock","","","0.0","","","","2024-06-30",""
"1353","","","US DD1869","","","0.0","Never inseminated","","","x","","","","Young Stock","","","0.0","","","","2024-07-01",""
"1354","","","US DD1870","","","0.0","Never inseminated","","","x","","","","Young Stock","","","0.0","","","","2024-07-02",""
"270","","","US DD1871","3","154","91.9","Inseminated","ANGUS BLEND 17","2026-03-23","x","","","","In Lactation","","23.1","91.9","0","x","","2025-11-10","6642008"
"1355","","","US DD1872","","","0.0","Never inseminated","","","x","","","","Young Stock","","","0.0","","","","2024-07-06",""
"1356","","","US DD1873","","","0.0","Never inseminated","","","x","","","","Young Stock","","","0.0","","","","2024-07-09",""
"1357","","","US DD1874","","","0.0","Never inseminated","","","x","","","","Young Stock","","","0.0","","","","2024-07-11",""
"1358","","","US DD1875","","","0.0","Never inseminated","","","x","","","","Young Stock","","","0.0","","","","2024-07-12",""
"1359","","","US DD1876","","","0.0","Never inseminated","","","x","","","","Young Stock","","","0.0","","","","2024-07-12",""
"1360","","","US DD1877","","","0.0","Never inseminated","","","x","","","","Young Stock","","","0.0","","","","2024-07-12",""
"1361","","","US DD1878","","","0.0","Never inseminated","","","x","","","","Young Stock","","","0.0","","","","2024-07-15",""
"1362","","","US DD1879","","","0.0","Never inseminated","","","x","","","","Young Stock","","","0.0","","","","2024-07-20",""
"1363","","","US DD1880","","","0.0","Never inseminated","","","x","","","","Young Stock","","","0.0","","","","2024-07-20",""
"1364","","","US DD1882","","","0.0","Never inseminated","","","x","","","","Young Stock","","","0.0","","","","2024-07-21",""
"1365","","","US DD1883","","","0.0","Never inseminated","","","x","","","","Young Stock","","","0.0","","","","2024-07-21",""
"1366","","","US 1884","","","0.0","Never inseminated","","","x","","","","Young Stock","","","0.0","","","","2024-07-27",""
"1367","","","US 1885","","","0.0","Never inseminated","","","x","","","","Young Stock","","","0.0","","","","2024-07-28",""
"1368","","","US DD1886","","","0.0","Never inseminated","","","x","","","","Young Stock","","","0.0","","","","2024-07-30",""
"1369","","","US DD1887","","","0.0","Never inseminated","","","x","","","","Young Stock","","","0.0","","","","2024-07-31",""
"1370","","","US DD1888","","","0.0","Never inseminated","","","x","","","","Young Stock","","","0.0","","","","2024-08-01",""
"1371","","","US DD1889","","","0.0","Never inseminated","","","x","","","","Young Stock","","","0.0","","","","2024-08-01",""
"1373","","","US DD1891","","","0.0","Never inseminated","","","x","","","","Young Stock","","","0.0","","","","2024-08-03",""
"1374","","","US DD1892","","","0.0","Never inseminated","","","x","","","","Young Stock","","","0.0","","","","2024-08-04",""
"1375","","","US 1893","","","0.0","Never inseminated","","","x","","","","Young Stock","","","0.0","","","","2024-08-07",""
"1376","","","US DD1894","","","0.0","Never inseminated","","","x","","","","Young Stock","","","0.0","","","","2024-08-13",""
"1378","","","US DD1896","","","0.0","Never inseminated","","","x","","","","Young Stock","","","0.0","","","","2024-08-24",""
"1379","","","US DD1897","","","0.0","Never inseminated","","","x","","","","Young Stock","","","0.0","","","","2024-08-28",""
"1380","","","US DD1898","","","0.0","Never inseminated","","","x","","","","Young Stock","","","0.0","","","","2024-08-28",""
"1381","","","US DD1899","","","0.0","Never inseminated","","","x","","","","Young Stock","","","0.0","","","","2024-08-31",""
"20042","","","","","","0.0","Never inseminated","","","x","","","","Young Stock","","","0.0","","","","2024-09-13",""
"1382","","","US DD1900","","","0.0","Never inseminated","","","x","","","","Young Stock","","","0.0","","","","2024-09-13",""
"1383","","","US DD1901","","","0.0","Never inseminated","","","x","","","","Young Stock","","","0.0","","","","2024-09-24",""
"1384","","","US DD1902","","","0.0","Never inseminated","","","x","","","","Young Stock","","","0.0","","","","2024-09-26",""
"1385","","","US DD1903","","","0.0","Never inseminated","","","x","","","","Young Stock","","","0.0","","","","2024-09-26",""
"1386","","","US DD1904","","","0.0","Never inseminated","","","x","","","","Young Stock","","","0.0","","","","2024-09-28",""
"1387","","","US DD1905","","","0.0","Never inseminated","","","x","","","","Young Stock","","","0.0","","","","2024-10-07",""
"1388","","","US DD1906","","","0.0","Never inseminated","","","x","","","","Young Stock","","","0.0","","","","2024-10-08",""
"1389","","","US DD907","","","0.0","Never inseminated","","","x","","","","Young Stock","","","0.0","","","","2024-10-13",""
"1390","","","US DD1908","","","0.0","Never inseminated","","","x","","","","Young Stock","","","0.0","","","","2024-10-15",""
"1391","","","US DD1909","","","0.0","Never inseminated","","","x","","","","Young Stock","","","0.0","","","","2024-10-15",""
"1392","","","US DD1910","","","0.0","Never inseminated","","","x","","","","Young Stock","","","0.0","","","","2024-10-20",""
"1393","","","US DD1911","","","0.0","Never inseminated","","","x","","","","Young Stock","","","0.0","","","","2024-10-21",""
"1394","","","US DD1912","","","0.0","Never inseminated","","","x","","","","Young Stock","","","0.0","","","","2024-10-23",""
"1395","","","US DD1913","","","0.0","Never inseminated","","","x","","","","Young Stock","","","0.0","","","","2024-10-25",""
"1396","","","US 1914","","","0.0","Never inseminated","","","x","","","","Young Stock","","","0.0","","","","2024-10-28",""
"1397","","","US DD1915","","","0.0","Never inseminated","","","x","","","","Young Stock","","","0.0","","","","2024-11-02",""
"1398","","","US 1916","","","0.0","Never inseminated","","","x","","","","Young Stock","","","0.0","","","","2024-11-03",""
"1399","","","US DD1917","","","0.0","Never inseminated","","","x","","","","Young Stock","","","0.0","","","","2024-11-04",""
"1400","","","US DD1918","","","0.0","Never inseminated","","","x","","","","Young Stock","","","0.0","","","","2024-11-08",""
"1401","","","US DD1919","","","0.0","Never inseminated","","","x","","","","Young Stock","","","0.0","","","","2024-11-10",""
"1402","","","US DD1920","","","0.0","Never inseminated","","","x","","","","Young Stock","","","0.0","","","","2024-11-13",""
"1403","","","US DD1921","","","0.0","Never inseminated","","","x","","","","Young Stock","","","0.0","","","","2024-11-19",""
"1404","","","US DD1922","","","0.0","Never inseminated","","","x","","","","Young Stock","","","0.0","","","","2024-11-19",""
"1407","","","US DD1925","","","0.0","Never inseminated","","","x","","","","Young Stock","","","0.0","","","","2024-12-10",""
"1408","","","US DD1926","","","0.0","Never inseminated","","","x","","","","Young Stock","","","0.0","","","","2024-12-12",""
"1410","","","US DD1928","","","0.0","Never inseminated","","","x","","","","Young Stock","","","0.0","","","","2024-12-13",""
"1411","","","US DD1929","","","0.0","Never inseminated","","","x","","","","Young Stock","","","0.0","","","","2024-12-15",""
"1412","","","US DD1930","","","0.0","Never inseminated","","","x","","","","Young Stock","","","0.0","","","","2024-12-26",""
"1413","","","US DD193114","","","0.0","Never inseminated","","","x","","","","Young Stock","","","0.0","","","","2024-12-26",""
"1414","","","US DD1932","","","0.0","Never inseminated","","","x","","","","Young Stock","","","0.0","","","","2024-12-29",""
"1415","","","US DD1933","","","0.0","Never inseminated","","","x","","","","Young Stock","","","0.0","","","","2024-12-30",""
"1416","","","DD1934","","","0.0","Never inseminated","","","x","","","","Young Stock","","","0.0","","","","2025-01-08",""
"1417","","","US DD1935","","","0.0","Never inseminated","","","x","","","","Young Stock","","","0.0","","","","2025-01-15",""
"1418","","","US DD1936","","","0.0","Never inseminated","","","x","","","","Young Stock","","","0.0","","","","2025-01-15",""
"1419","","","US DD1937","","","0.0","Never inseminated","","","x","","","","Young Stock","","","0.0","","","","2025-01-15",""
"1420","","","US DD1938","","","0.0","Never inseminated","","","x","","","","Young Stock","","","0.0","","","","2025-01-18",""
"1421","","","US 1939","","","0.0","Never inseminated","","","x","","","","Young Stock","","","0.0","","","","2025-01-21",""
"1422","","","US 1940","","","0.0","Never inseminated","","","x","","","","Young Stock","","","0.0","","","","2025-02-02",""
"1423","","","US 1941","","","0.0","Never inseminated","","","x","","","","Young Stock","","","0.0","","","","2025-02-14",""
"1424","","","US DD1942","","","0.0","Never inseminated","","","","","","","Young Stock","","","0.0","","","","2025-02-22",""
"1425","","","US 1943","","","0.0","Never inseminated","","","","","","","Young Stock","","","0.0","","","","2025-02-24",""
"1426","","","US DD 1944","","","0.0","Never inseminated","","","","","","","Young Stock","","","0.0","","","","2025-03-19",""
"20047","","","","","","0.0","Never inseminated","","","","","","","Young Stock","","","0.0","","","","2025-03-22",""
"1427","","","US 1945","","","0.0","Never inseminated","","","","","","","Young Stock","","","0.0","","","","2025-03-30",""
"1428","","","DD1946","","","0.0","Never inseminated","","","","","","","Young Stock","","","0.0","","","","2025-04-15",""
"1429","","","DD1947","","","0.0","Never inseminated","","","","","","","Young Stock","","","0.0","","","","2025-04-20",""
"1430","","","US DD1948","","","0.0","Never inseminated","","","","","","","Young Stock","","","0.0","","","","2025-05-04",""
"1431","","","US DD1949","","","0.0","Never inseminated","","","","","","","Young Stock","","","0.0","","","","2025-05-07",""
"1432","","","US 1950","","","0.0","Never inseminated","","","","","","","Young Stock","","","0.0","","","","2025-05-11",""
"1433","","","US DD1951","","","0.0","Never inseminated","","","","","","","Young Stock","","","0.0","","","","2025-05-13",""
"1434","","","US DD1952","","","0.0","Never inseminated","","","","","","","Young Stock","","","0.0","","","","2025-05-15",""
"1435","","","US DD1953","","","0.0","Never inseminated","","","","","","","Young Stock","","","0.0","","","","2025-05-15",""
"1436","","","DD1954 ","","","0.0","Never inseminated","","","","","","","Young Stock","","","0.0","","","","2025-05-19",""
"1437","","","DD1793","","","0.0","Never inseminated","","","","","","","Young Stock","","","0.0","","","","2025-05-19",""
"1439","","","US DD1957","","","0.0","Never inseminated","","","","","","","Young Stock","","","0.0","","","","2025-05-21",""
"1438","","","US DD1956","","","0.0","Never inseminated","","","","","","","Young Stock","","","0.0","","","","2025-05-21",""
"1441","","","DD1959","","","0.0","Never inseminated","","","","","","","Young Stock","","","0.0","","","","2025-06-18",""
"1442","","","US DD1960","","","0.0","Never inseminated","","","","","","","Young Stock","","","0.0","","","","2025-06-27",""
"1443","","","US DD1961","","","0.0","Never inseminated","","","","","","","Young Stock","","","0.0","","","","2025-06-27",""
"1444","","","US DD1962","","","0.0","Never inseminated","","","","","","","Young Stock","","","0.0","","","","2025-07-02",""
"81","","","US DD1574","1","258","56.9","Pregnant","BOLDNESS SEXED","2026-01-29","","74","146","2026-11-05","In Lactation","","19.0","56.9","0","x","","2025-07-29","3087668"
"0","","","","","","0.0","Never inseminated","","","","","","","Young Stock","","","0.0","","","","2025-08-07",""
"1445","","","USDD1964","","","0.0","Never inseminated","","","","","","","Young Stock","","","0.0","","","","2025-08-08",""
"1446","","","USDD1965","","","0.0","Never inseminated","","","","","","","Young Stock","","","0.0","","","","2025-08-09",""
"1447","","","US DD1966","","","0.0","Never inseminated","","","","","","","Young Stock","","","0.0","","","","2025-08-10",""
"1449","","","USDD1968","","","0.0","Never inseminated","","","","","","","Young Stock","","","0.0","","","","2025-08-12",""
"1450","","","US DD1969","","","0.0","Never inseminated","","","","","","","Young Stock","","","0.0","","","","2025-08-14",""
"1451","","","US DD1970","","","0.0","Never inseminated","","","","","","","Young Stock","","","0.0","","","","2025-08-14",""
"1452","","","US DD1971","","","0.0","Never inseminated","","","","","","","Young Stock","","","0.0","","","","2025-08-15",""
"1453","","","US DD1972","","","0.0","Never inseminated","","","","","","","Young Stock","","","0.0","","","","2025-08-16",""
"1454","","","US DD1973","","","0.0","Never inseminated","","","","","","","Young Stock","","","0.0","","","","2025-08-16",""
"1456","","","US DD1975","","","0.0","Never inseminated","","","","","","","Young Stock","","","0.0","","","","2025-08-22",""
"1457","","","US DD1976","","","0.0","Never inseminated","","","","","","","Young Stock","","","0.0","","","","2025-08-22",""
"1458","","","US DD1977","","","0.0","Never inseminated","","","","","","","Young Stock","","","0.0","","","","2025-08-23",""
"1459","","","US 1978","","","0.0","Never inseminated","","","","","","","Young Stock","","","0.0","","","","2025-08-26",""
"75","","","US DD1583","1","227","34.2","Inseminated","ANGUS BLEND 17","2026-03-19","","","","","In Lactation","","17.6","34.2","0","x","","2025-08-29","3088111"
"1460","","","US DD1979","","","0.0","Never inseminated","","","","","","","Young Stock","","","0.0","","","","2025-09-09",""
"1461","","","US DD1980","","","0.0","Never inseminated","","","","","","","Young Stock","","","0.0","","","","2025-09-13",""
"1462","","","USDD1981","","","0.0","Never inseminated","","","","","","","Young Stock","","","0.0","","","","2025-09-14",""
"1463","","","US DD1982","","","0.0","Never inseminated","","","","","","","Young Stock","","","0.0","","","","2025-09-15",""
"1464","","","US DD1983","","","0.0","Never inseminated","","","","","","","Young Stock","","","0.0","","","","2025-09-17",""
"1465","","","US DD1984","","","0.0","Never inseminated","","","","","","","Young Stock","","","0.0","","","","2025-09-17",""
"1466","","","US DD1985","","","0.0","Never inseminated","","","","","","","Young Stock","","","0.0","","","","2025-09-23",""
"1467","","","US 1986","","","0.0","Never inseminated","","","","","","","Young Stock","","","0.0","","","","2025-09-26",""
"1468","","","US 1987","","","0.0","Never inseminated","","","","","","","Young Stock","","","0.0","","","","2025-09-26",""
"1469","","","US DD1988","","","0.0","Never inseminated","","","","","","","Young Stock","","","0.0","","","","2025-10-05",""
"1470","","","US DD1989","","","0.0","Never inseminated","","","","","","","Young Stock","","","0.0","","","","2025-10-08",""
"20049","","","","","","0.0","Never inseminated","","","","","","","Young Stock","","","0.0","","","","2025-10-28",""
"0","","","","","","0.0","Never inseminated","","","","","","","Young Stock","","","0.0","","","","2025-11-01",""
"1471","","","US DD1990","","","0.0","Never inseminated","","","","","","","Young Stock","","","0.0","","","","2025-11-02",""
"1472","","","US DD1991","","","0.0","Never inseminated","","","","","","","Young Stock","","","0.0","","","","2025-11-02",""
"0","","","","","","0.0","Never inseminated","","","","","","","Young Stock","","","0.0","","","","2025-11-07",""
"0","","","","","","0.0","Never inseminated","","","","","","","Young Stock","","","0.0","","","","2025-11-10",""
"0","","","","","","0.0","Never inseminated","","","","","","","Young Stock","","","0.0","","","","2025-11-19",""
"1473","","","DD 1992","","","0.0","Never inseminated","","","","","","","Young Stock","","","0.0","","","","2025-11-23",""
"1474","","","US DD1993","","","0.0","Never inseminated","","","","","","","Young Stock","","","0.0","","","","2025-11-25",""
"1476","","","US DD1995","","","0.0","Never inseminated","","","","","","","Young Stock","","","0.0","","","","2025-12-14",""
"1475","","","US 1994","","","0.0","Never inseminated","","","","","","","Young Stock","","","0.0","","","","2025-12-10",""
"1477","","","US DD1996","","","0.0","Never inseminated","","","","","","","Young Stock","","","0.0","","","","2025-12-18",""
"1478","","","US DD1997","","","0.0","Never inseminated","","","","","","","Young Stock","","","0.0","","","","2025-12-22",""
"1479","","","US DD1998","","","0.0","Never inseminated","","","","","","","Young Stock","","","0.0","","","","2025-12-23",""
"1480","","","US DD1999","","","0.0","Never inseminated","","","","","","","Young Stock","","","0.0","","","","2025-12-26",""
"1481","","","US DD2000","","","0.0","Never inseminated","","","","","","","Young Stock","","","0.0","","","","2025-12-27",""
"1482","","","US DD2001","","","0.0","Never inseminated","","","","","","","Young Stock","","","0.0","","","","2025-12-31",""
"1485","","","US DD2004","","","0.0","Never inseminated","","","","","","","Young Stock","","","0.0","","","","2026-01-17",""
"1486","","","US D2005","","","0.0","Never inseminated","","","","","","","Young Stock","","","0.0","","","","2026-01-27",""
"0","","","","","","0.0","Never inseminated","","","","","","","Young Stock","","","0.0","","","","2026-02-09",""
"1487","","","US DD2006","","","0.0","Never inseminated","","","","","","","Young Stock","","","0.0","","","","2026-02-11",""
"1488","","","US DD2007","","","0.0","Never inseminated","","","","","","","Young Stock","","","0.0","","","","2026-02-11",""
"1489","","","US DD2008","","","0.0","Never inseminated","","","","","","","Young Stock","","","0.0","","","","2026-02-17",""
"1490","","","US DD2009","","","0.0","Never inseminated","","","","","","","Young Stock","","","0.0","","","","2026-02-18",""
"1491","","","DD2010","","","0.0","Never inseminated","","","","","","","Young Stock","","","0.0","","","","2026-02-19",""
"0","","","","","","0.0","Never inseminated","","","","","","","Young Stock","","","0.0","","","","2026-02-21",""
"1492","","","US DD2011","","","0.0","Never inseminated","","","","","","","Young Stock","","","0.0","","","","2026-02-25",""
"191","","","US DD1578","1","35","43.0","Open","","","","","","","In Lactation","x","21.8","43.0","1","x","","2026-03-09","3183576"
"0","","","","","","0.0","Never inseminated","","","","","","","Young Stock","","","0.0","","","","2026-03-12",""
"1493","","","US DD2012","","","0.0","Never inseminated","","","","","","","Young Stock","","","0.0","","","","2026-03-13",""
"1494","","","US DD2013","","","0.0","Never inseminated","","","","","","","Young Stock","","","0.0","","","","2026-03-13",""
"0","","","","","","0.0","Never inseminated","","","","","","","Young Stock","","","0.0","","","","2026-03-16",""
"0","","","","","","0.0","Never inseminated","","","","","","","Young Stock","","","0.0","","","","2026-03-16",""
"1207","","","US DD1576","","","0.0","Pregnant","Anderson Bull 3-25-2025","2025-12-20","","114","","2026-09-26","Young Stock","","","0.0","","","","2023-05-16",""
"1213","","","US DD1582","","","0.0","Pregnant","","2025-07-22","","265","","2026-04-28","Young Stock","","","0.0","","","","2023-05-16",""
"0","","","","","","0.0","Never inseminated","","","","","","","Young Stock","","","0.0","","","","2026-03-22",""
"1497","","","US 2015","","","0.0","Never inseminated","","","","","","","Young Stock","","","0.0","","","","2026-03-24",""
"1498","","","US DD2017","","","0.0","Never inseminated","","","","","","","Young Stock","","","0.0","","","","2026-03-25",""
"1499","","","US DD2018","","","0.0","Never inseminated","","","","","","","Young Stock","","","0.0","","","","2026-03-25",""
"1500","","","US DD2019","","","0.0","Never inseminated","","","","","","","Young Stock","","","0.0","","","","2026-03-26",""
"1501","","","US DD2020","","","0.0","Never inseminated","","","","","","","Young Stock","","","0.0","","","","2026-03-30",""
"1502","","","US DD2021","","","0.0","Never inseminated","","","","","","","Young Stock","","","0.0","","","","2026-03-30",""
"1503","","","US DD2022","","","0.0","Never inseminated","","","","","","","Young Stock","","","0.0","","","","2026-04-03",""
"0","","","","","","0.0","Never inseminated","","","","","","","Young Stock","","","0.0","","","","2026-04-03",""
"0","","","","","","0.0","Never inseminated","","","","","","","Young Stock","","","0.0","","","","2026-04-12",""