"Animal Number","Disease Name (With Milk Separation)","Milk Separation Start Date","Hot Rinse Activated","Milk Separation Status","Milk Separation End Date","Milk Separation Type","Milk Separation Remaining Days","Milk Separation Tank","Age","Insemination Number","Optimum Insemination Moment","Heat Probability Max.","Last Heat","Lactation No.","Lactation days","Days Pregnant","Sire","Pregnancy Remark","Calving Remark"
"173","","2026-04-15","No ","Confirmed","2026-04-21","Manual","5","M4USE"," 6.08","","<div class='timeperiod' nStart='180' nEnd='1080' nCurrent='9999'></div>","","","5","31","","","","Easy Unassisted  -  Keep Calf - No"
"78","","2026-04-15","No ","Confirmed","2026-04-21","Manual","5","M4USE"," 4.07","","<div class='timeperiod' nStart='180' nEnd='1080' nCurrent='9999'></div>","","","3","79","","","","Easy Unassisted "
"192","","2026-04-15","No ","Confirmed","2026-04-21","Manual","5","M4USE"," 4.04","2","<div class='timeperiod' nStart='180' nEnd='1080' nCurrent='9999'></div>","","2026-03-29","3","249","","GIANT","","Easy Unassisted "
"248","","2026-04-15","No ","Confirmed","2026-04-21","Manual","5","M4USE"," 5.11","5","<div class='timeperiod' nStart='180' nEnd='1080' nCurrent='9999'></div>","","","4","336","","ANGUS BLEND 17","","Easy Unassisted  - Beef"
"77","Acute Mastitis (acute catarrhal mastitis)","2026-04-01","No ","Confirmed","2026-04-19","Treatment","2","M4USE"," 5.08","","<div class='timeperiod' nStart='180' nEnd='1080' nCurrent='9999'></div>","","","4","56","","","","Not Entered "
"113","","2026-04-17","No ","Confirmed","2026-04-19","Colostrum","2","M4USE"," 2.02","","<div class='timeperiod' nStart='180' nEnd='1080' nCurrent='9999'></div>","","","1","0","","","","Not Entered "
"49","","2026-04-14","No ","Confirmed","2026-04-18","Colostrum","2","M4USE"," 3.10","","<div class='timeperiod' nStart='180' nEnd='1080' nCurrent='9999'></div>","","","2","2","","","","Easy Unassisted "
"12","","2026-04-13","No ","Confirmed","2026-04-17","Colostrum","0","M4USE"," 2.01","","<div class='timeperiod' nStart='180' nEnd='1080' nCurrent='9999'></div>","","","1","4","","","","Not Entered  - was 1297 -  Keep Calf - No"
"1261","","2026-03-30","No ","Confirmed","2026-04-01","Colostrum","-15","M4USE"," 2.05","","<div class='timeperiod' nStart='180' nEnd='1080' nCurrent='9999'></div>","","","1","17","","","","Easy Unassisted  - Bull -  Keep Calf - No"
"245","","2026-03-20","No ","Confirmed","2026-03-24","Manual","-23","M4USE"," 5.09","2","<div class='timeperiod' nStart='180' nEnd='1080' nCurrent='9999'></div>","","2025-11-24","4","180","","POWERHOUSE","Vet ck-pg-open,stat left CL right,lut","Vet ck-pg-open,stat left CL right,lut10779  - Charolais -  Keep Calf - No"
"237","Acute Mastitis (acute catarrhal mastitis)","2026-01-13","No ","Confirmed","2026-01-19","Treatment","-88","Sewer"," 4.06","2","<div class='timeperiod' nStart='180' nEnd='1080' nCurrent='9999'></div>","","","2","391","217","BEETHOVEN SEXED","Vet ck-Pg","Vet ck-Pg10778 "
"166","Acute Mastitis (acute catarrhal mastitis)","2025-12-20","No ","Confirmed","2025-12-25","Treatment","-113","Sewer","14.01","6","<div class='timeperiod' nStart='180' nEnd='1080' nCurrent='9999'></div>","","","12","476","272","ADAGIO","Vet ck-pg","Vet ck-pg10778 "
"1111","","","No ","","","","","","21.03","","<div class='timeperiod' nStart='180' nEnd='1080' nCurrent='9999'></div>","","","","","","","",""
"22","Female infertility","","No ","","","","",""," 8.03","2","<div class='timeperiod' nStart='180' nEnd='1080' nCurrent='9999'></div>","","","7","298","190","BEETHOVEN SEXED","Vet ck-pg","Vet ck-pg10780  - Charlais beef calf"
"66","Metritis","","No ","","","","",""," 9.06","1","<div class='timeperiod' nStart='180' nEnd='1080' nCurrent='9999'></div>","","","8","111","","POWERHOUSE -SEXED","","Not Entered "
"96","Female infertility","","No ","","","","",""," 8.05","2","<div class='timeperiod' nStart='180' nEnd='1080' nCurrent='9999'></div>","","2026-03-30","5","237","","ANGUS BLEND 17","Vet ck-pg ck-stat left,CL right","Vet ck-pg ck-stat left,CL right10779  - beef"
"182","BRSV vaccination","","No ","","","","",""," 6.00","2","<div class='timeperiod' nStart='180' nEnd='1080' nCurrent='9999'></div>","","2025-10-03","4","229","122","LUCKYCHARM SEXED","Vet ck-preg","Vet ck-preg10779  - beef charolais"
"110","Female infertility","","No ","","","","",""," 5.11","2","<div class='timeperiod' nStart='180' nEnd='1080' nCurrent='9999'></div>","","2026-03-25","3","258","","POWERHOUSE -SEXED","","Easy Unassisted  -  Keep Calf - No"
"16","Female infertility","","No ","","","","",""," 5.09","1","<div class='timeperiod' nStart='180' nEnd='1080' nCurrent='9999'></div>","","2026-01-01","4","232","","CHAROLAIS BLEND 4","","Not Entered  -  Keep Calf - No"
"34","BRSV vaccination","","No ","","","","",""," 5.08","","<div class='timeperiod' nStart='180' nEnd='1080' nCurrent='9999'></div>","","","4","64","","","","Easy Unassisted "
"76","Female infertility","","No ","","","","",""," 5.07","8","<div class='timeperiod' nStart='180' nEnd='1080' nCurrent='9999'></div>","","","3","468","78","ANGUS BLEND 17","Vet ck-PG","Vet ck-PG10779 "
"42","BRSV vaccination","","No ","","","","",""," 7.05","2","<div class='timeperiod' nStart='180' nEnd='1080' nCurrent='9999'></div>","","","6","152","","ANGUS BLEND 17","","Not Entered  - Bull calf -  Keep Calf - No"
"111","BRSV vaccination","","No ","","","","",""," 5.04","3","<div class='timeperiod' nStart='180' nEnd='1080' nCurrent='9999'></div>","","2026-03-30","3","362","","CHAROLAIS BLEND 4","Vet ck-preg ck-open,Stat left,stat right, off sync","Vet ck-preg ck-open,Stat left,stat right, off sync10778  -  Keep Calf - No"
"80","BRSV vaccination","","No ","","","","",""," 5.01","5","<div class='timeperiod' nStart='180' nEnd='1080' nCurrent='9999'></div>","","2025-06-16","3","337","123","ANGUS BLEND 17","Vet ck-preg","Vet ck-preg10778 "
"205","Acute Mastitis (acute catarrhal mastitis)","","No ","","","","",""," 5.00","3","<div class='timeperiod' nStart='180' nEnd='1080' nCurrent='9999'></div>","","2025-09-19","3","265","","ANGUS BLEND 17","","Not Entered  -  Keep Calf - No"
"101","BRSV vaccination","","No ","","","","",""," 7.00","4","<div class='timeperiod' nStart='180' nEnd='1080' nCurrent='9999'></div>","","2025-12-13","5","245","72","shazam","Vet ck-PG","Vet ck-PG10779  -  Keep Calf - No"
"246","Vaccinations","","No ","","","","",""," 4.11","2","<div class='timeperiod' nStart='180' nEnd='1080' nCurrent='9999'></div>","","","3","456","272","CHAROLAIS BLEND 4","Vet ck-pg","Vet ck-pg10779 "
"57","Female infertility","","No ","","","","",""," 6.11","1","<div class='timeperiod' nStart='180' nEnd='1080' nCurrent='9999'></div>","","","5","142","","ANGUS BLEND 17","","Easy Unassisted "
"132","Vaccinations","","No ","","","","",""," 7.02","4","<div class='timeperiod' nStart='180' nEnd='1080' nCurrent='9999'></div>","","","4","476","230","CHAROLAIS BLEND 4","","Not Entered "
"63","Female infertility","","No ","","","","",""," 4.11","3","<div class='timeperiod' nStart='180' nEnd='1080' nCurrent='9999'></div>","","2025-06-30","3","336","123","ANGUS BLEND 17","Vet ck-preg","Vet ck-preg10779 "
"29","Metritis","","No ","","","","",""," 4.11","2","<div class='timeperiod' nStart='180' nEnd='1080' nCurrent='9999'></div>","","2025-07-19","3","296","134","SAVYSTRIDE","Vet ck-pg","Vet ck-pg10779  - Beef calf"
"93","Female infertility","","No ","","","","",""," 4.10","6","<div class='timeperiod' nStart='180' nEnd='1080' nCurrent='9999'></div>","","2025-06-18","3","344","","ANGUS BLEND 17","Vet ck-pg-open,CL left,stat right,lut","Vet ck-pg-open,CL left,stat right,lut10779 "
"149","Female infertility","","No ","","","","",""," 4.10","1","<div class='timeperiod' nStart='180' nEnd='1080' nCurrent='9999'></div>","","","3","336","194","DO IT NOW SEXED","Vet ck-Pg","Vet ck-Pg10779 "
"83","BRSV vaccination","","No ","","","","",""," 4.10","3","<div class='timeperiod' nStart='180' nEnd='1080' nCurrent='728'></div>","88","2025-11-07","3","219","","ANGUS BLEND 17","vet ck-open,Fol left,stat right,watch,offsync if no heat by Mon.","vet ck-open,Fol left,stat right,watch,offsync if no heat by Mon.10779  -  Keep Calf - No"
"46","Acute Mastitis (acute catarrhal mastitis)","","No ","","","","",""," 4.10","2","<div class='timeperiod' nStart='180' nEnd='1080' nCurrent='9999'></div>","","","3","240","137","SAVYSTRIDE","Vet ck-pg","Vet ck-pg10779 "
"21","BRSV vaccination","","No ","","","","",""," 4.09","4","<div class='timeperiod' nStart='180' nEnd='1080' nCurrent='9999'></div>","","2025-08-02","3","293","102","ANGUS BLEND 17","Vet ck-preg","Vet ck-preg10779 "
"190","Female infertility","","No ","","","","",""," 4.08","1","<div class='timeperiod' nStart='180' nEnd='1080' nCurrent='9999'></div>","","2025-12-13","3","213","","ANGUS BLEND 17","","Easy Unassisted "
"92","BRSV vaccination","","No ","","","","",""," 4.08","2","<div class='timeperiod' nStart='180' nEnd='1080' nCurrent='9999'></div>","","2025-10-27","3","193","102","shazam","Vet ck-preg","Vet ck-preg10779 "
"103","Vaccinations","","No ","","","","",""," 4.06","","<div class='timeperiod' nStart='180' nEnd='1080' nCurrent='9999'></div>","","","3","31","","","","Easy Unassisted  - charolais beef -  Keep Calf - No"
"62","Female infertility","","No ","","","","",""," 4.06","2","<div class='timeperiod' nStart='180' nEnd='1080' nCurrent='9999'></div>","","2026-03-19","3","201","","GIANT","","Easy Unassisted  - Beef charolais"
"211","Female infertility","","No ","","","","",""," 4.05","4","<div class='timeperiod' nStart='180' nEnd='1080' nCurrent='9999'></div>","","","1","352","","ANGUS BLEND 17","Vet ck-pg ck-Open,CL left,stat right","Vet ck-pg ck-Open,CL left,stat right10779  -  Keep Calf - No"
"271","Metritis","","No ","","","","",""," 4.05","1","<div class='timeperiod' nStart='180' nEnd='1080' nCurrent='9999'></div>","","","2","166","","ANGUS BLEND 17","","Easy Unassisted  - Charolais beef -  Keep Calf - No"
"115","Vaccinations","","No ","","","","",""," 4.05","","<div class='timeperiod' nStart='180' nEnd='1080' nCurrent='9999'></div>","","","3","13","","","","Not Entered  - angus -  Keep Calf - No"
"123","Female infertility","","No ","","","","",""," 4.05","1","<div class='timeperiod' nStart='180' nEnd='1080' nCurrent='9999'></div>","","2025-08-14","2","319","178","BOLDIN","Vet ck-pg","Vet ck-pg10778  - beef"
"139","Female infertility","","No ","","","","",""," 4.04","1","<div class='timeperiod' nStart='180' nEnd='1080' nCurrent='9999'></div>","","2025-09-27","2","249","179","BOLDNESS SEXED","Multiple Birth Vet ck-pg,twins,reck @ 120D","Vet ck-pg,twins,reck @ 120D10779 "
"268","Female infertility","","No ","","","","",""," 4.04","3","<div class='timeperiod' nStart='180' nEnd='1080' nCurrent='9999'></div>","","","2","307","129","ANGUS BLEND 17","Vet ck-preg","Vet ck-preg10779 "
"71","Metritis","","No ","","","","",""," 4.04","6","<div class='timeperiod' nStart='180' nEnd='1080' nCurrent='9999'></div>","","","2","378","","CHAROLAIS BLEND 4","","Not Entered  -  Keep Calf - No"
"6","Female infertility","","No ","","","","",""," 4.04","3","<div class='timeperiod' nStart='180' nEnd='1080' nCurrent='9999'></div>","","","2","332","","CHAROLAIS BLEND 4","Vet ck-pg-open,stat left,CL right,lut","Vet ck-pg-open,stat left,CL right,lut10778 "
"56","BRSV vaccination","","No ","","","","",""," 4.02","1","<div class='timeperiod' nStart='180' nEnd='1080' nCurrent='9999'></div>","","2025-10-09","2","235","159","SAVYSTRIDE","Vet ck-pg","Vet ck-pg10779  - Beef"
"222","BRSV vaccination","","No ","","","","",""," 4.02","4","<div class='timeperiod' nStart='180' nEnd='1080' nCurrent='9999'></div>","","2026-02-07","2","244","","CHAROLAIS BLEND 4","","Easy Unassisted "
"73","Female infertility","","No ","","","","",""," 6.01","2","<div class='timeperiod' nStart='180' nEnd='1080' nCurrent='9999'></div>","","","3","205","","SAVYSTRIDE","Vet ck-open,fol left,stat right,offsync","Vet ck-open,fol left,stat right,offsync10779  - Charolais beef"
"1081","","","No ","","","","",""," 4.01","","<div class='timeperiod' nStart='180' nEnd='1080' nCurrent='9999'></div>","","","","","","","",""
"14","BRSV vaccination","","No ","","","","",""," 6.00","1","<div class='timeperiod' nStart='180' nEnd='1080' nCurrent='9999'></div>","","","4","209","122","LUCKYCHARM SEXED","Multiple Birth Vet ck-preg,twins reck 120D","Vet ck-preg,twins reck 120D10779  -  Keep Calf - No"
"118","Female infertility","","No ","","","","",""," 4.01","2","<div class='timeperiod' nStart='180' nEnd='1080' nCurrent='9999'></div>","","2025-07-04","2","338","139","","Vet ck-pg","Vet ck-pg10779 "
"45","Dryoff","","No ","","","","",""," 4.00","1","<div class='timeperiod' nStart='180' nEnd='1080' nCurrent='9999'></div>","","","2","341","267","GAMEREADY SEXED","Vet ck-pg","Vet ck-pg10779  - Beef -  Keep Calf - No"
"269","Vaccinations","","No ","","","","",""," 4.00","","<div class='timeperiod' nStart='180' nEnd='1080' nCurrent='9999'></div>","","","2","9","","","","Easy Assisted  - angus -  Keep Calf - No"
"143","Female infertility","","No ","","","","",""," 3.11","2","<div class='timeperiod' nStart='180' nEnd='1080' nCurrent='9999'></div>","","","2","245","","ANGUS BLEND 17","","Easy Unassisted "
"199","BRSV vaccination","","No ","","","","",""," 3.11","1","<div class='timeperiod' nStart='180' nEnd='1080' nCurrent='9999'></div>","","2025-10-30","2","213","121","POWERHOUSE -SEXED","Vet ck-preg","Vet ck-preg10779 "
"23","BRSV vaccination","","No ","","","","",""," 3.11","1","<div class='timeperiod' nStart='180' nEnd='1080' nCurrent='9999'></div>","","2025-08-29","1","373","205","GIANT","Vet ck-Pg","Vet ck-Pg10780  - Beef bull -  Keep Calf - No"
"69","Female infertility","","No ","","","","",""," 3.11","3","<div class='timeperiod' nStart='180' nEnd='1080' nCurrent='9999'></div>","","","2","329","129","ANGUS BLEND 17","Vet ck-preg","Vet ck-preg10779 "
"127","Infection with streptococcus pneumoniae","","No ","","","","",""," 3.11","2","<div class='timeperiod' nStart='180' nEnd='1080' nCurrent='9999'></div>","","","2","211","","ANGUS BLEND 17","Vet ck-pg-open,cyst right, off sync","Vet ck-pg-open,cyst right, off sync10779 "
"94","Female infertility","","No ","","","","",""," 3.11","1","<div class='timeperiod' nStart='180' nEnd='1080' nCurrent='9999'></div>","","2025-11-10","2","202","","SAVYSTRIDE","","Not Entered "
"26","Mastitis (Escherichia coli (E. coli))","","No ","","","","",""," 3.11","3","<div class='timeperiod' nStart='180' nEnd='1080' nCurrent='9999'></div>","","","2","251","167","ANGUS BLEND 17","Vet ck-pg","Vet ck-pg10779 "
"108","Metritis","","No ","","","","",""," 3.10","1","<div class='timeperiod' nStart='180' nEnd='1080' nCurrent='9999'></div>","","2025-09-24","2","243","114","BOLDNESS SEXED","Vet ck-preg","Vet ck-preg10779 "
"202","BRSV vaccination","","No ","","","","",""," 3.10","","<div class='timeperiod' nStart='180' nEnd='1080' nCurrent='9999'></div>","","2026-04-13","2","110","","","","Easy Unassisted "
"162","Female infertility","","No ","","","","",""," 3.10","1","<div class='timeperiod' nStart='180' nEnd='1080' nCurrent='9999'></div>","","","2","214","114","BOLDNESS SEXED","Vet ck-preg","Vet ck-preg10779 "
"152","BRSV vaccination","","No ","","","","",""," 3.10","1","<div class='timeperiod' nStart='180' nEnd='1080' nCurrent='9999'></div>","","","2","94","","MITCHELL sexed","","Not Entered "
"1108","","","No ","","","","",""," 3.10","","<div class='timeperiod' nStart='180' nEnd='1080' nCurrent='9999'></div>","","","","","","","",""
"124","Metritis","","No ","","","","",""," 3.10","1","<div class='timeperiod' nStart='180' nEnd='1080' nCurrent='9999'></div>","","2025-11-07","2","227","140","SAVYSTRIDE","Vet ck-pg","Vet ck-pg10778  -  Keep Calf - No"
"98","BRSV vaccination","","No ","","","","",""," 3.10","2","<div class='timeperiod' nStart='180' nEnd='1080' nCurrent='9999'></div>","","","2","120","","SAVYSTRIDE","","Easy Unassisted  - bull holstein"
"31","BRSV vaccination","","No ","","","","",""," 6.06","1","<div class='timeperiod' nStart='180' nEnd='1080' nCurrent='9999'></div>","","2026-02-08","4","114","","DO IT NOW SEXED","","Not Entered "
"142","Vaccinations","","No ","","","","",""," 6.06","8","<div class='timeperiod' nStart='180' nEnd='1080' nCurrent='9999'></div>","","2024-12-03","3","542","254","CHAROLAIS BLEND 4","Vet ck-pg","Vet ck-pg10779 "
"97","Dryoff","","No ","","","","",""," 6.09","6","<div class='timeperiod' nStart='180' nEnd='1080' nCurrent='9999'></div>","","","3","487","190","ANGUS BLEND 17","Vet ck-pg","Vet ck-pg10779  -  Keep Calf - No"
"40","BRSV vaccination","","No ","","","","",""," 5.04","","<div class='timeperiod' nStart='180' nEnd='1080' nCurrent='9999'></div>","","2026-03-30","4","144","","","","Not Entered "
"116","Vaccinations","","No ","","","","",""," 5.02","1","<div class='timeperiod' nStart='180' nEnd='1080' nCurrent='9999'></div>","","","3","383","275","GAMEREADY SEXED","Vet ck-pg","Vet ck-pg10779  - beef calf -  Keep Calf - No"
"35","Dryoff","","No ","","","","",""," 5.03","2","<div class='timeperiod' nStart='180' nEnd='1080' nCurrent='9999'></div>","","","3","388","266","darkmatter sexed","Vet ck-pg","Vet ck-pg10778 "
"133","Female infertility","","No ","","","","",""," 6.06","3","<div class='timeperiod' nStart='180' nEnd='1080' nCurrent='9999'></div>","","2025-09-25","4","237","","CHAROLAIS BLEND 4","","Easy Unassisted "
"28","Female infertility","","No ","","","","",""," 5.05","","<div class='timeperiod' nStart='180' nEnd='1080' nCurrent='9999'></div>","","2026-03-26","4","165","","","","Not Entered  -  Keep Calf - No"
"91","Female infertility","","No ","","","","",""," 6.07","7","<div class='timeperiod' nStart='180' nEnd='1080' nCurrent='9999'></div>","","","3","463","160","ANGUS BLEND 17","Vet ck-pg","Vet ck-pg10779 "
"151","Female infertility","","No ","","","","",""," 3.09","1","<div class='timeperiod' nStart='180' nEnd='1080' nCurrent='9999'></div>","","","","","","POWERHOUSE -SEXED","",""
"24","Female infertility","","No ","","","","",""," 3.09","2","<div class='timeperiod' nStart='180' nEnd='1080' nCurrent='9999'></div>","","","2","132","","ANGUS BLEND 17","","Easy Unassisted  -  Keep Calf - No"
"95","Acute Mastitis (acute catarrhal mastitis)","","No ","","","","",""," 3.08","1","<div class='timeperiod' nStart='180' nEnd='1080' nCurrent='9999'></div>","","","2","288","204","BOLDNESS SEXED","Vet ck-Pg","Vet ck-Pg10779 "
"32","BRSV vaccination","","No ","","","","",""," 3.08","1","<div class='timeperiod' nStart='180' nEnd='1080' nCurrent='9999'></div>","","2026-02-07","2","115","","SAVYSTRIDE","","Not Entered "
"47","Metritis","","No ","","","","",""," 3.08","","<div class='timeperiod' nStart='180' nEnd='1080' nCurrent='9999'></div>","","","2","54","","","","Easy Unassisted  - charolsi beef -  Keep Calf - No"
"234","Dryoff","","No ","","","","",""," 3.08","1","<div class='timeperiod' nStart='180' nEnd='1080' nCurrent='9999'></div>","","2025-11-07","2","205","115","LUCKYCHARM SEXED","Vet ck-preg","Vet ck-preg10779 "
"250","Female infertility","","No ","","","","",""," 3.08","2","<div class='timeperiod' nStart='180' nEnd='1080' nCurrent='9999'></div>","","2026-03-30","1","253","","ANGUS BLEND 17","Vet ck-Open,Cl left,lut","Vet ck-Open,Cl left,lut10779  - Beef angus -  Keep Calf - No"
"72","BRSV vaccination","","No ","","","","",""," 3.08","","<div class='timeperiod' nStart='180' nEnd='1080' nCurrent='9999'></div>","","2026-03-31","2","64","","","","Easy Unassisted "
"125","Female infertility","","No ","","","","",""," 3.08","1","<div class='timeperiod' nStart='180' nEnd='1080' nCurrent='9999'></div>","","2025-06-15","1","354","209","GIANT","Vet ck-Pg","Vet ck-Pg10778  - beef calf -  Keep Calf - No"
"50","Female infertility","","No ","","","","",""," 3.08","3","<div class='timeperiod' nStart='180' nEnd='1080' nCurrent='9999'></div>","","","1","274","78","CHAROLAIS BLEND 4","Vet ck-PG","Vet ck-PG10778  - beef"
"172","Mastitis vaccination","","No ","","","","",""," 3.07","1","<div class='timeperiod' nStart='180' nEnd='1080' nCurrent='9999'></div>","","","1","252","157","SAVYSTRIDE","Vet ck-pg","Vet ck-pg10778  - beef -  Keep Calf - No"
"220","Vaccinations","","No ","","","","",""," 3.07","3","<div class='timeperiod' nStart='180' nEnd='1080' nCurrent='9999'></div>","","","1","426","254","","Vet ck-pg","Vet ck-pg10778 "
"213","BRSV vaccination","","No ","","","","",""," 3.07","4","<div class='timeperiod' nStart='180' nEnd='1080' nCurrent='9999'></div>","","","1","274","67","ADAGIO","Vet ck-PG","Vet ck-PG10779  - beef angus"
"53","BRSV vaccination","","No ","","","","",""," 3.07","4","<div class='timeperiod' nStart='180' nEnd='1080' nCurrent='9999'></div>","","2025-08-01","1","280","73","CHAROLAIS BLEND 4","Vet ck-PG","Vet ck-PG10779  - Beef angus"
"55","BRSV vaccination","","No ","","","","",""," 3.07","1","<div class='timeperiod' nStart='180' nEnd='1080' nCurrent='9999'></div>","","2025-08-04","1","288","167","GIANT","Vet ck-pg","Vet ck-pg10778  - Beef angus calf"
"214","Vaccinations","","No ","","","","",""," 3.07","2","<div class='timeperiod' nStart='180' nEnd='1080' nCurrent='9999'></div>","","2025-07-15","1","306","171","ANGUS BLEND 17","Vet ck-pg","Vet ck-pg10779  - Angus calf"
"1141","","","No ","","","","",""," 3.07","","<div class='timeperiod' nStart='180' nEnd='1080' nCurrent='9999'></div>","","","","","","","",""
"183","Female infertility","","No ","","","","",""," 3.07","3","<div class='timeperiod' nStart='180' nEnd='1080' nCurrent='9999'></div>","","","1","276","104","ANGUS BLEND 17","Vet ck-preg","Vet ck-preg10778  - beef"
"41","Metritis","","No ","","","","",""," 3.07","2","<div class='timeperiod' nStart='180' nEnd='1080' nCurrent='9999'></div>","","2025-08-09","1","284","157","SAVYSTRIDE","Vet ck-pg","Vet ck-pg10778  - was 1143"
"808","Female infertility","","No ","","","","",""," 3.06","2","<div class='timeperiod' nStart='180' nEnd='1080' nCurrent='9999'></div>","","2025-09-10","1","245","114","POWERHOUSE -SEXED","Vet ck-preg","Vet ck-preg10778  - Beef angus"
"87","Vaccinations","","No ","","","","",""," 3.06","1","<div class='timeperiod' nStart='180' nEnd='1080' nCurrent='9999'></div>","","2025-07-07","1","305","226","DO IT NOW SEXED","","Easy Unassisted  - Black angus calf -  Keep Calf - No"
"82","Vaccinations","","No ","","","","",""," 3.06","1","<div class='timeperiod' nStart='180' nEnd='1080' nCurrent='9999'></div>","","","1","290","190","BOLDNESS SEXED","Vet ck-pg","Vet ck-pg10778  - was 1152 ,beef"
"803","Female infertility","","No ","","","","",""," 3.06","1","<div class='timeperiod' nStart='180' nEnd='1080' nCurrent='9999'></div>","","2025-09-20","1","265","","ANGUS BLEND 17","","Easy Unassisted  - Beef angus -  Keep Calf - No"
"140","BRSV vaccination","","No ","","","","",""," 3.06","2","<div class='timeperiod' nStart='180' nEnd='1080' nCurrent='9999'></div>","","","1","262","178","BOLDIN","Vet ck-pg","Vet ck-pg10778  - beef"
"158","Female infertility","","No ","","","","",""," 3.06","2","<div class='timeperiod' nStart='180' nEnd='1080' nCurrent='9999'></div>","","","1","278","116","SAVYSTRIDE","Vet ck-preg","Vet ck-preg10778  - was 1156"
"1157","","","No ","","","","",""," 3.06","","<div class='timeperiod' nStart='180' nEnd='1080' nCurrent='9999'></div>","","","","","","","",""
"206","BRSV vaccination","","No ","","","","",""," 3.06","1","<div class='timeperiod' nStart='180' nEnd='1080' nCurrent='9999'></div>","","2025-09-12","1","265","194","MITCHELL sexed","Vet ck-Pg","Vet ck-Pg10778  - beef"
"1162","BRSV vaccination","","No ","","","","",""," 3.05","","<div class='timeperiod' nStart='180' nEnd='1080' nCurrent='9999'></div>","","","","","","","",""
"804","Female infertility","","No ","","","","",""," 3.05","4","<div class='timeperiod' nStart='180' nEnd='1080' nCurrent='9999'></div>","","2026-04-13","3","418","","ANGUS BLEND 17","Vet ck-pg-open,stat left,cyst right, offsync","Vet ck-pg-open,stat left,cyst right, offsync10779 "
"48","Vaccinations","","No ","","","","",""," 3.04","1","<div class='timeperiod' nStart='180' nEnd='1080' nCurrent='9999'></div>","","2025-09-26","1","249","182","GIANT","Vet ck-pg","Vet ck-pg10779  - Beef angus"
"148","Vaccinations","","No ","","","","",""," 3.04","1","<div class='timeperiod' nStart='180' nEnd='1080' nCurrent='9999'></div>","","2025-08-12","1","289","208","BEETHOVEN SEXED","Vet ck-Pg","Vet ck-Pg10779  - Beef Angus"
"262","BRSV vaccination","","No ","","","","",""," 3.04","4","<div class='timeperiod' nStart='180' nEnd='1080' nCurrent='9999'></div>","","2025-08-06","1","294","120","DO IT NOW SEXED","Vet ck-preg","Vet ck-preg10779  - Beef Angus calf"
"1169","BRSV vaccination","","No ","","","","",""," 3.04","","<div class='timeperiod' nStart='180' nEnd='1080' nCurrent='9999'></div>","","","","","","","",""
"134","Metritis","","No ","","","","",""," 3.04","2","<div class='timeperiod' nStart='180' nEnd='1080' nCurrent='9999'></div>","","2026-03-04","1","166","","SAVYSTRIDE","","Not Entered  - beef -  Keep Calf - No"
"7","Vaccinations","","No ","","","","",""," 3.04","2","<div class='timeperiod' nStart='180' nEnd='1080' nCurrent='9999'></div>","","","1","281","206","BOLDNESS SEXED","Vet ck-Pg","Vet ck-Pg10779  - beef angus"
"207","BRSV vaccination","","No ","","","","",""," 3.04","1","<div class='timeperiod' nStart='180' nEnd='1080' nCurrent='9999'></div>","","2025-08-30","1","268","206","BOLDNESS SEXED","Vet ck-Pg","Vet ck-Pg10778  - beef"
"1174","BRSV vaccination","","No ","","","","",""," 3.04","","<div class='timeperiod' nStart='180' nEnd='1080' nCurrent='9999'></div>","","","","","","","",""
"15","Metritis","","No ","","","","",""," 3.03","2","<div class='timeperiod' nStart='180' nEnd='1080' nCurrent='9999'></div>","","","1","289","177","BEETHOVEN SEXED","Vet ck-pg","Vet ck-pg10779  - Beef angus"
"135","Vaccinations","","No ","","","","",""," 3.03","3","<div class='timeperiod' nStart='180' nEnd='1080' nCurrent='9999'></div>","","2025-08-29","1","459","208","CHAROLAIS BLEND 4","Vet ck-Pg","Vet ck-Pg10779  - Heifer Number 1177 -  Keep Calf - No"
"159","BRSV vaccination","","No ","","","","",""," 3.03","1","<div class='timeperiod' nStart='180' nEnd='1080' nCurrent='9999'></div>","","2025-12-06","1","302","","LUCKYCHARM SEXED","","Easy Unassisted  - Beef angus calf"
"61","BRSV vaccination","","No ","","","","",""," 3.02","4","<div class='timeperiod' nStart='180' nEnd='1080' nCurrent='9999'></div>","","","1","269","150","ANGUS BLEND 17","Vet ck-pg","Vet ck-pg10779  - beef angus -  Keep Calf - No"
"155","BRSV vaccination","","No ","","","","",""," 3.02","2","<div class='timeperiod' nStart='180' nEnd='1080' nCurrent='9999'></div>","","2025-08-09","1","299","205","GIANT","Vet ck-Pg","Vet ck-Pg10779  - Black angus"
"1183","BRSV vaccination","","No ","","","","",""," 3.02","","<div class='timeperiod' nStart='180' nEnd='1080' nCurrent='9999'></div>","","","","","","","",""
"1184","","","No ","","","","",""," 3.02","","<div class='timeperiod' nStart='180' nEnd='1080' nCurrent='9999'></div>","","","","","","","",""
"106","Female infertility","","No ","","","","",""," 3.01","2","<div class='timeperiod' nStart='180' nEnd='1080' nCurrent='9999'></div>","","","","","","LUCKYCHARM SEXED","Vet ck-pg ck-open,stat left, Cl right,lut",""
"20","Female infertility","","No ","","","","",""," 3.01","1","<div class='timeperiod' nStart='180' nEnd='1080' nCurrent='9999'></div>","","","1","156","","ANGUS BLEND 17","","Easy Assisted  - Angus Beef -  Keep Calf - No"
"74","Female infertility","","No ","","","","",""," 3.01","5","<div class='timeperiod' nStart='180' nEnd='1080' nCurrent='9999'></div>","","","1","269","","ANGUS BLEND 17","","Not Entered "
"264","BRSV vaccination","","No ","","","","",""," 3.01","2","<div class='timeperiod' nStart='180' nEnd='1080' nCurrent='9999'></div>","","2025-08-06","1","282","140","SAVYSTRIDE","Vet ck-pg","Vet ck-pg10779  - beef angus"
"165","Female infertility","","No ","","","","",""," 3.00","5","<div class='timeperiod' nStart='180' nEnd='1080' nCurrent='9999'></div>","","2025-08-29","1","294","","ANGUS BLEND 17","Vet ck-pg-open,stat left CL right,lut","Vet ck-pg-open,stat left CL right,lut10779  - Beef Angus calf"
"186","Vaccinations","","No ","","","","",""," 3.00","1","<div class='timeperiod' nStart='180' nEnd='1080' nCurrent='9999'></div>","","2025-09-02","1","256","205","GIANT","Vet ck-Pg","Vet ck-Pg10779  - beef angus"
"84","Female infertility","","No ","","","","",""," 3.00","4","<div class='timeperiod' nStart='180' nEnd='1080' nCurrent='9999'></div>","","2025-09-14","1","260","","ANGUS BLEND 17","vet ck-open,CL left,stat right,lut","vet ck-open,CL left,stat right,lut10779  - beef"
"25","Metritis","","No ","","","","",""," 2.11","1","<div class='timeperiod' nStart='180' nEnd='1080' nCurrent='9999'></div>","","2025-07-27","1","287","202","ADAGIO","Vet ck-Pg","Vet ck-Pg10779  - beef angus"
"168","Female infertility","","No ","","","","",""," 2.11","2","<div class='timeperiod' nStart='180' nEnd='1080' nCurrent='9999'></div>","","2025-09-06","1","263","","ANGUS BLEND 17","Vet ck-pg-open,lost twins, offsync","Vet ck-pg-open,lost twins, offsync10778  - was 1199"
"1200","","","No ","","","","",""," 2.11","1","<div class='timeperiod' nStart='180' nEnd='1080' nCurrent='9999'></div>","","","","","168","Anderson Bull 3-25-2025","Vet ck-pg ck-50D",""
"1201","","","No ","","","","",""," 2.11","","<div class='timeperiod' nStart='180' nEnd='1080' nCurrent='9999'></div>","","","","","","","",""
"10","Vaccinations","","No ","","","","",""," 2.11","1","<div class='timeperiod' nStart='180' nEnd='1080' nCurrent='9999'></div>","","","1","275","221","MITCHELL sexed","Vet ck-Pg","Vet ck-Pg10778  - Beef angus"
"345","","","No ","","","","",""," 2.11","","<div class='timeperiod' nStart='180' nEnd='1080' nCurrent='9999'></div>","","","1","23","","","","Easy Unassisted  - Bull -  Keep Calf - No"
"263","BRSV vaccination","","No ","","","","",""," 2.11","1","<div class='timeperiod' nStart='180' nEnd='1080' nCurrent='9999'></div>","","2026-03-26","1","160","","BOLDNESS SEXED","","Easy Unassisted  - Angus calf -  Keep Calf - No"
"99","Vaccinations","","No ","","","","",""," 2.10","1","<div class='timeperiod' nStart='180' nEnd='1080' nCurrent='9999'></div>","","2025-09-20","1","252","186","BEETHOVEN SEXED","Vet ck-pg","Vet ck-pg10778  - beef angus -  Keep Calf - No"
"185","Female infertility","","No ","","","","",""," 2.10","2","<div class='timeperiod' nStart='180' nEnd='1080' nCurrent='9999'></div>","","2025-09-11","1","248","113","GIANT","Multiple Birth Vet ck-preg,twins reck 120D","Vet ck-preg,twins reck 120D10779  - beef angus"
"1219","","","No ","","","","",""," 2.10","","<div class='timeperiod' nStart='180' nEnd='1080' nCurrent='9999'></div>","","","","","","","",""
"1220","","","No ","","","","",""," 2.10","1","<div class='timeperiod' nStart='180' nEnd='1080' nCurrent='9999'></div>","","","","","268","Anderson Bull 3-25-2025","Vet ck-pg ck-150D",""
"1222","","","No ","","","","",""," 2.09","","<div class='timeperiod' nStart='180' nEnd='1080' nCurrent='9999'></div>","","","","","","","",""
"1223","","","No ","","","","",""," 2.09","","<div class='timeperiod' nStart='180' nEnd='1080' nCurrent='9999'></div>","","","","","","","",""
"90","","","No ","","","","",""," 2.09","","<div class='timeperiod' nStart='180' nEnd='1080' nCurrent='9999'></div>","","","1","16","","","","Easy Unassisted  - bull -  Keep Calf - No"
"13","Female infertility","","No ","","","","",""," 4.09","1","<div class='timeperiod' nStart='180' nEnd='1080' nCurrent='9999'></div>","","2025-10-14","3","225","","POWERHOUSE -SEXED","","Not Entered "
"255","Female infertility","","No ","","","","",""," 2.09","1","<div class='timeperiod' nStart='180' nEnd='1080' nCurrent='9999'></div>","","","1","148","","CHAROLAIS BLEND 4","","Easy Unassisted  - Angus beef -  Keep Calf - No"
"147","Female infertility","","No ","","","","",""," 4.11","5","<div class='timeperiod' nStart='180' nEnd='1080' nCurrent='9999'></div>","","2024-09-02","2","622","131","ANGUS BLEND 17","Vet ck-preg","Vet ck-preg10778 "
"1226","","","No ","","","","",""," 2.09","","<div class='timeperiod' nStart='180' nEnd='1080' nCurrent='9999'></div>","","","","","","","",""
"156","BRSV vaccination","","No ","","","","",""," 4.09","3","<div class='timeperiod' nStart='180' nEnd='1080' nCurrent='9999'></div>","","2025-09-15","3","243","","POWERHOUSE -SEXED","","Easy Unassisted "
"88","","","No ","","","","",""," 2.09","","<div class='timeperiod' nStart='180' nEnd='1080' nCurrent='9999'></div>","","","1","22","","","","Easy Unassisted "
"86","Vaccinations","","No ","","","","",""," 2.10","1","<div class='timeperiod' nStart='180' nEnd='1080' nCurrent='9999'></div>","","","1","293","220","SMITTEN SEXED","Vet ck-Pg","Vet ck-Pg10779  - Beef/jersey cross"
"109","Vaccinations","","No ","","","","",""," 2.09","4","<div class='timeperiod' nStart='180' nEnd='1080' nCurrent='9999'></div>","","2026-03-04","1","256","","ANGUS BLEND 17","Vet ck-pg ck-Open,CL left,stat right","Vet ck-pg ck-Open,CL left,stat right10779  - beef angus -  Keep Calf - No"
"1230","","","No ","","","","",""," 2.09","","<div class='timeperiod' nStart='180' nEnd='1080' nCurrent='9999'></div>","","","","","","","",""
"252","","","No ","","","","",""," 2.09","","<div class='timeperiod' nStart='180' nEnd='1080' nCurrent='9999'></div>","","","1","22","","","","Easy Unassisted "
"1234","","","No ","","","","",""," 2.08","","<div class='timeperiod' nStart='180' nEnd='1080' nCurrent='9999'></div>","","","","","","","",""
"1236","","","No ","","","","",""," 2.08","","<div class='timeperiod' nStart='180' nEnd='1080' nCurrent='9999'></div>","","","","","","","",""
"1237","","","No ","","","","",""," 2.07","","<div class='timeperiod' nStart='180' nEnd='1080' nCurrent='9999'></div>","","","","","","","",""
"1238","","","No ","","","","",""," 2.07","","<div class='timeperiod' nStart='180' nEnd='1080' nCurrent='9999'></div>","","","","","","","",""
"64","","","No ","","","","",""," 2.07","","<div class='timeperiod' nStart='180' nEnd='1080' nCurrent='9999'></div>","","","1","12","","","","Not Entered  -  Keep Calf - No"
"346","Mastitis vaccination","","No ","","","","",""," 2.07","","<div class='timeperiod' nStart='180' nEnd='1080' nCurrent='9999'></div>","","","1","26","","","","Easy Unassisted  - bull calf -  Keep Calf - No"
"1242","","","No ","","","","",""," 2.07","1","<div class='timeperiod' nStart='180' nEnd='1080' nCurrent='9999'></div>","","","","","258","Anderson Bull 3-25-2025","Vet ck-pg ck-140D",""
"1243","Female infertility","","No ","","","","",""," 2.07","1","<div class='timeperiod' nStart='180' nEnd='1080' nCurrent='9999'></div>","","","","","82","Anderson Bull 3-25-2025","Vet ck-pg 55D",""
"1245","","","No ","","","","",""," 2.07","1","<div class='timeperiod' nStart='180' nEnd='1080' nCurrent='9999'></div>","","","","","248","Anderson Bull 3-25-2025","Vet ck-pg ck-130D",""
"204","","","No ","","","","",""," 2.07","","<div class='timeperiod' nStart='180' nEnd='1080' nCurrent='9999'></div>","","","1","17","","","","Easy Unassisted "
"1247","","","No ","","","","",""," 2.06","1","<div class='timeperiod' nStart='180' nEnd='1080' nCurrent='9999'></div>","","","","","278","Anderson Bull 3-25-2025","Vet ck-pg ck-160D",""
"1248","","","No ","","","","",""," 2.06","1","<div class='timeperiod' nStart='180' nEnd='1080' nCurrent='9999'></div>","","","","","258","Anderson Bull 3-25-2025","Vet ck-pg ck-140D",""
"1249","","","No ","","","","",""," 2.06","1","<div class='timeperiod' nStart='180' nEnd='1080' nCurrent='9999'></div>","","","","","168","Anderson Bull 3-25-2025","Vet ck-pg ck-50D",""
"1250","","","No ","","","","",""," 2.06","1","<div class='timeperiod' nStart='180' nEnd='1080' nCurrent='9999'></div>","","","","","258","Anderson Bull 3-25-2025","Vet ck-pg ck-140D",""
"1251","","","No ","","","","",""," 2.06","","<div class='timeperiod' nStart='180' nEnd='1080' nCurrent='9999'></div>","","","","","","","",""
"60","","","No ","","","","",""," 2.06","","<div class='timeperiod' nStart='180' nEnd='1080' nCurrent='9999'></div>","","","1","17","","","","Easy Unassisted "
"1253","","","No ","","","","",""," 2.05","","<div class='timeperiod' nStart='180' nEnd='1080' nCurrent='9999'></div>","","","","","","","",""
"30","","","No ","","","","",""," 2.05","","<div class='timeperiod' nStart='180' nEnd='1080' nCurrent='9999'></div>","","","1","5","","","","Easy Unassisted  -  Keep Calf - No"
"216","BRSV vaccination","","No ","","","","",""," 4.05","3","<div class='timeperiod' nStart='180' nEnd='1080' nCurrent='9999'></div>","","2025-09-22","3","237","","ANGUS BLEND 17","Vet ck-pg ck-Open,CL left,stat right","Vet ck-pg ck-Open,CL left,stat right10779 "
"1256","","","No ","","","","",""," 2.05","1","<div class='timeperiod' nStart='180' nEnd='1080' nCurrent='9999'></div>","","","","","218","Anderson Bull 3-25-2025","Vet ck-pg ck-pg 100D",""
"20039","","","No ","","","","",""," 2.05","","<div class='timeperiod' nStart='180' nEnd='1080' nCurrent='9999'></div>","","","","","","","",""
"257","","","No ","","","","",""," 2.05","","<div class='timeperiod' nStart='180' nEnd='1080' nCurrent='9999'></div>","","","1","8","","","","Easy Unassisted  - bull -  Keep Calf - No"
"247","","","No ","","","","",""," 2.05","","<div class='timeperiod' nStart='180' nEnd='1080' nCurrent='9999'></div>","","","1","23","","","","Easy Unassisted  - bull -  Keep Calf - No"
"265","","","No ","","","","",""," 2.05","","<div class='timeperiod' nStart='180' nEnd='1080' nCurrent='9999'></div>","","","1","23","","","","Not Entered "
"137","Mastitis vaccination","","No ","","","","",""," 2.05","","<div class='timeperiod' nStart='180' nEnd='1080' nCurrent='9999'></div>","","","1","19","","","","Easy Unassisted  - Big bull calf -  Keep Calf - No"
"27","","","No ","","","","",""," 2.04","","<div class='timeperiod' nStart='180' nEnd='1080' nCurrent='9999'></div>","","","1","13","","","","Not Entered "
"2","Metritis","","No ","","","","",""," 2.04","","<div class='timeperiod' nStart='180' nEnd='1080' nCurrent='9999'></div>","","","1","27","","","","Not Entered  -  Keep Calf - No"
"1264","","","No ","","","","",""," 2.04","","<div class='timeperiod' nStart='180' nEnd='1080' nCurrent='9999'></div>","","","","","","","Vet ck-pg-FREE MATIN",""
"17","Acute Mastitis (acute catarrhal mastitis)","","No ","","","","",""," 5.08","4","<div class='timeperiod' nStart='180' nEnd='1080' nCurrent='9999'></div>","","2025-12-06","3","341","","ANGUS BLEND 17","Vet ck-pg ck-open,stat left,Cl right,lut","Vet ck-pg ck-open,stat left,Cl right,lut10779  - Beef -  Keep Calf - No"
"39","Dryoff","","No ","","","","",""," 6.07","7","<div class='timeperiod' nStart='180' nEnd='1080' nCurrent='9999'></div>","","","4","492","255","ANGUS BLEND 17","Vet ck-pg","Vet ck-pg10779 "
"203","BRSV vaccination","","No ","","","","",""," 4.04","","<div class='timeperiod' nStart='180' nEnd='1080' nCurrent='9999'></div>","","","3","97","","","","Easy Unassisted  -  Keep Calf - No"
"1266","","","No ","","","","",""," 2.04","","<div class='timeperiod' nStart='180' nEnd='1080' nCurrent='9999'></div>","","","","","","","",""
"746","","","No ","","","","",""," 2.04","","<div class='timeperiod' nStart='180' nEnd='1080' nCurrent='9999'></div>","","","1","25","","","","Not Entered  -  Keep Calf - No"
"43","BRSV vaccination","","No ","","","","",""," 4.03","","<div class='timeperiod' nStart='180' nEnd='1080' nCurrent='9999'></div>","","","3","57","","","","Easy Unassisted "
"1268","","","No ","","","","",""," 2.04","1","<div class='timeperiod' nStart='180' nEnd='1080' nCurrent='9999'></div>","","","","","148","Anderson Bull 3-25-2025","Vet ck-pg ck-30D",""
"1269","","","No ","","","","",""," 2.04","","<div class='timeperiod' nStart='180' nEnd='1080' nCurrent='9999'></div>","","","","","","","",""
"1270","","","No ","","","","",""," 2.04","1","<div class='timeperiod' nStart='180' nEnd='1080' nCurrent='9999'></div>","","","","","168","Anderson Bull 3-25-2025","Vet ck-pg ck-50D",""
"20041","","","No ","","","","",""," 2.04","","<div class='timeperiod' nStart='180' nEnd='1080' nCurrent='9999'></div>","","","","","","","",""
"1271","","","No ","","","","",""," 2.04","","<div class='timeperiod' nStart='180' nEnd='1080' nCurrent='9999'></div>","","","","","","","",""
"193","BRSV vaccination","","No ","","","","",""," 4.04","1","<div class='timeperiod' nStart='180' nEnd='1080' nCurrent='9999'></div>","","2025-09-17","3","245","","SAVYSTRIDE","","Easy Unassisted "
"188","Vaccinations","","No ","","","","",""," 4.04","5","<div class='timeperiod' nStart='180' nEnd='1080' nCurrent='9999'></div>","","2024-12-04","2","528","276","ANGUS BLEND 17","Vet ck-pg","Vet ck-pg10779 "
"568","Metritis","","No ","","","","",""," 4.04","","<div class='timeperiod' nStart='180' nEnd='1080' nCurrent='9999'></div>","","2026-04-13","3","65","","","","Easy Unassisted  - Charolais beef -  Keep Calf - No"
"212","Vaccinations","","No ","","","","",""," 4.04","2","<div class='timeperiod' nStart='180' nEnd='1080' nCurrent='9999'></div>","","2025-06-14","3","347","230","GAMEREADY SEXED","","Easy Unassisted "
"208","Female infertility","","No ","","","","",""," 4.04","2","<div class='timeperiod' nStart='180' nEnd='1080' nCurrent='9999'></div>","","","3","135","","DO IT NOW SEXED","","Not Entered  - beef"
"210","Female infertility","","No ","","","","",""," 4.04","3","<div class='timeperiod' nStart='180' nEnd='1080' nCurrent='9999'></div>","","","2","409","70","CHAROLAIS BLEND 4","Vet ck-PG","Vet ck-PG10778  - beef calf"
"131","Metritis","","No ","","","","",""," 4.04","","<div class='timeperiod' nStart='180' nEnd='1080' nCurrent='9999'></div>","","","3","42","","","","Not Entered  -  Keep Calf - No"
"138","Female infertility","","No ","","","","",""," 4.04","6","<div class='timeperiod' nStart='180' nEnd='1080' nCurrent='9999'></div>","","2025-12-06","2","584","","CHAROLAIS BLEND 4","too high DMI, too low milk, sell","too high DMI, too low milk, sell10779 "
"121","Metritis","","No ","","","","",""," 4.01","","<div class='timeperiod' nStart='180' nEnd='1080' nCurrent='9999'></div>","","","3","50","","","","Easy Assisted  - calf was born backwards"
"1272","","","No ","","","","",""," 2.03","","<div class='timeperiod' nStart='180' nEnd='1080' nCurrent='9999'></div>","","","","","","","",""
"1274","","","No ","","","","",""," 2.03","1","<div class='timeperiod' nStart='180' nEnd='1080' nCurrent='9999'></div>","","","","","278","Anderson Bull 3-25-2025","Vet ck-pg ck-160D",""
"217","BRSV vaccination","","No ","","","","",""," 4.04","","<div class='timeperiod' nStart='180' nEnd='1080' nCurrent='9999'></div>","","","3","55","","","","Not Entered  -  Keep Calf - No"
"67","","","No ","","","","",""," 2.03","","<div class='timeperiod' nStart='180' nEnd='1080' nCurrent='9999'></div>","","","1","17","","","","Not Entered  - Bull -  Keep Calf - No"
"1276","","","No ","","","","",""," 2.03","","<div class='timeperiod' nStart='180' nEnd='1080' nCurrent='9999'></div>","","","","","","","Vet ck-pg-FREE MARTIN",""
"218","BRSV vaccination","","No ","","","","",""," 4.04","","<div class='timeperiod' nStart='180' nEnd='1080' nCurrent='9999'></div>","","2026-03-01","3","89","","","","Not Entered "
"223","Female infertility","","No ","","","","",""," 4.04","2","<div class='timeperiod' nStart='180' nEnd='1080' nCurrent='9999'></div>","","2025-12-13","2","329","103","GIANT","Vet ck-preg","Vet ck-preg10779  - Beef calf"
"1278","","","No ","","","","",""," 2.03","","<div class='timeperiod' nStart='180' nEnd='1080' nCurrent='9999'></div>","","","","","","","",""
"1279","","","No ","","","","",""," 2.03","","<div class='timeperiod' nStart='180' nEnd='1080' nCurrent='9999'></div>","","","","","","","",""
"1277","","","No ","","","","",""," 2.03","","<div class='timeperiod' nStart='180' nEnd='1080' nCurrent='9999'></div>","","","","","","","",""
"1280","Behavioral disorders and general findings","","No ","","","","",""," 2.03","1","<div class='timeperiod' nStart='180' nEnd='1080' nCurrent='9999'></div>","","","","","163","Anderson Bull 3-25-2025","Vet ck-pg ck-45D",""
"227","Female infertility","","No ","","","","",""," 4.02","3","<div class='timeperiod' nStart='180' nEnd='1080' nCurrent='9999'></div>","","","2","390","160","ANGUS BLEND 17","Vet ck-pg","Vet ck-pg10779  - beef calf"
"236","Mastitis vaccination","","No ","","","","",""," 2.03","","<div class='timeperiod' nStart='180' nEnd='1080' nCurrent='9999'></div>","","","1","34","","","","Easy Unassisted "
"4","Claw diseases","","No ","","","","",""," 4.05","","<div class='timeperiod' nStart='180' nEnd='1080' nCurrent='9999'></div>","","","3","35","","","","Not Entered  -  Keep Calf - No"
"1283","","","No ","","","","",""," 2.02","1","<div class='timeperiod' nStart='180' nEnd='1080' nCurrent='9999'></div>","","","","","238","Anderson Bull 3-25-2025","Vet ck-pg ck-120D",""
"52","Metritis","","No ","","","","",""," 2.02","","<div class='timeperiod' nStart='180' nEnd='1080' nCurrent='9999'></div>","","","1","23","","","","Easy Unassisted  - Bull -  Keep Calf - No"
"1284","","","No ","","","","",""," 2.02","1","<div class='timeperiod' nStart='180' nEnd='1080' nCurrent='9999'></div>","","","","","238","Anderson Bull 3-25-2025","Vet ck-pg ck-120D,heifer calf",""
"1287","","","No ","","","","",""," 2.02","","<div class='timeperiod' nStart='180' nEnd='1080' nCurrent='9999'></div>","","","","","","","",""
"1288","Female infertility","","No ","","","","",""," 2.02","","<div class='timeperiod' nStart='180' nEnd='1080' nCurrent='9999'></div>","","","","","","","",""
"266","","","No ","","","","",""," 2.02","","<div class='timeperiod' nStart='180' nEnd='1080' nCurrent='9999'></div>","","","1","31","","","","Easy Unassisted "
"226","Behavioral disorders and general findings","","No ","","","","",""," 4.02","2","<div class='timeperiod' nStart='180' nEnd='1080' nCurrent='9999'></div>","","2025-06-23","2","320","165","CHAROLAIS BLEND 4","Vet ck-preg,110D","Vet ck-preg,110D10778 "
"1290","","","No ","","","","",""," 2.02","","<div class='timeperiod' nStart='180' nEnd='1080' nCurrent='9999'></div>","","","","","","","",""
"1291","","","No ","","","","",""," 2.02","1","<div class='timeperiod' nStart='180' nEnd='1080' nCurrent='9999'></div>","","","","","268","Anderson Bull 3-25-2025","Vet ck-pg ck-150D",""
"1292","Female infertility","","No ","","","","",""," 2.02","1","<div class='timeperiod' nStart='180' nEnd='1080' nCurrent='9999'></div>","","","","","107","Anderson Bull 3-25-2025","Vet ck-pg 80D,heifer",""
"3","","","No ","","","","",""," 2.02","","<div class='timeperiod' nStart='180' nEnd='1080' nCurrent='9999'></div>","","","1","24","","","","Not Entered "
"1294","Behavioral disorders and general findings","","No ","","","","",""," 2.02","","<div class='timeperiod' nStart='180' nEnd='1080' nCurrent='9999'></div>","","","","","","","",""
"184","Metritis","","No ","","","","",""," 2.02","","<div class='timeperiod' nStart='180' nEnd='1080' nCurrent='9999'></div>","","","1","23","","","","Easy Unassisted  - bull -  Keep Calf - No"
"105","BRSV vaccination","","No ","","","","",""," 4.01","2","<div class='timeperiod' nStart='180' nEnd='1080' nCurrent='9999'></div>","","2026-03-14","2","141","","SAVYSTRIDE","","Easy Unassisted  - Angus calf"
"163","Mastitis vaccination","","No ","","","","",""," 2.01","","<div class='timeperiod' nStart='180' nEnd='1080' nCurrent='9999'></div>","","2026-04-06","1","34","","","","Easy Unassisted "
"144","Mastitis vaccination","","No ","","","","",""," 2.01","","<div class='timeperiod' nStart='180' nEnd='1080' nCurrent='9999'></div>","","","1","21","","","","Easy Unassisted "
"1299","Female infertility","","No ","","","","",""," 2.01","1","<div class='timeperiod' nStart='180' nEnd='1080' nCurrent='9999'></div>","","","","","97","Anderson Bull 3-25-2025","Vet ck-pg 70D",""
"145","","","No ","","","","",""," 2.01","","<div class='timeperiod' nStart='180' nEnd='1080' nCurrent='9999'></div>","","","1","23","","","","Easy Unassisted  - bull -  Keep Calf - No"
"128","Vaccinations","","No ","","","","",""," 4.00","5","<div class='timeperiod' nStart='180' nEnd='1080' nCurrent='9999'></div>","","2025-04-04","2","426","221","DO IT NOW SEXED","Vet ck-Pg","Vet ck-Pg10778 "
"1301","Female infertility","","No ","","","","",""," 2.01","1","<div class='timeperiod' nStart='180' nEnd='1080' nCurrent='9999'></div>","","","","","107","Anderson Bull 3-25-2025","Vet ck-pg 80D",""
"146","Mastitis vaccination","","No ","","","","",""," 2.01","","<div class='timeperiod' nStart='180' nEnd='1080' nCurrent='9999'></div>","","","1","21","","","","Easy Unassisted  -  Keep Calf - No"
"58","Acute Mastitis (acute catarrhal mastitis)","","No ","","","","",""," 3.11","3","<div class='timeperiod' nStart='180' nEnd='1080' nCurrent='9999'></div>","","2025-05-09","2","382","115","ANGUS BLEND 17","Vet ck-preg","Vet ck-preg10779 "
"59","Dryoff","","No ","","","","",""," 4.00","2","<div class='timeperiod' nStart='180' nEnd='1080' nCurrent='9999'></div>","","2025-04-21","2","395","255","MITCHELL sexed","Vet ck-pg","Vet ck-pg10778 "
"37","Female infertility","","No ","","","","",""," 3.11","3","<div class='timeperiod' nStart='180' nEnd='1080' nCurrent='9999'></div>","","","2","366","157","CHAROLAIS BLEND 4","Vet ck-pg","Vet ck-pg10778 "
"164","Dryoff","","No ","","","","",""," 3.11","","<div class='timeperiod' nStart='180' nEnd='1080' nCurrent='9999'></div>","","","3","15","","","","Easy Unassisted  - Charolais -  Keep Calf - No"
"89","Female infertility","","No ","","","","",""," 3.09","3","<div class='timeperiod' nStart='180' nEnd='1080' nCurrent='9999'></div>","","2025-07-06","2","321","178","ANGUS BLEND 17","Vet ck-pg","Vet ck-pg10779 "
"1304","Female infertility","","No ","","","","",""," 2.01","1","<div class='timeperiod' nStart='180' nEnd='1080' nCurrent='9999'></div>","","","","","102","Anderson Bull 3-25-2025","Vet ck-pg 75D,bull calf",""
"1305","","","No ","","","","",""," 2.01","","<div class='timeperiod' nStart='180' nEnd='1080' nCurrent='9999'></div>","","","","","","","",""
"117","","","No ","","","","",""," 2.00","","<div class='timeperiod' nStart='180' nEnd='1080' nCurrent='9999'></div>","","","1","23","","","","Easy Unassisted  - Bull -  Keep Calf - No"
"1307","Female infertility","","No ","","","","",""," 2.00","1","<div class='timeperiod' nStart='180' nEnd='1080' nCurrent='9999'></div>","","","","","72","Anderson Bull 3-25-2025","Vet ck-pg 45D",""
"1308","Female infertility","","No ","","","","",""," 2.00","1","<div class='timeperiod' nStart='180' nEnd='1080' nCurrent='9999'></div>","","","","","97","Anderson Bull 3-25-2025","Vet ck-pg 70D,bull calf",""
"1309","","","No ","","","","",""," 2.00","","<div class='timeperiod' nStart='180' nEnd='1080' nCurrent='9999'></div>","","","","","","","",""
"1310","","","No ","","","","",""," 2.00","","<div class='timeperiod' nStart='180' nEnd='1080' nCurrent='9999'></div>","","","","","","","",""
"1311","Behavioral disorders and general findings","","No ","","","","",""," 2.00","","<div class='timeperiod' nStart='180' nEnd='1080' nCurrent='9999'></div>","","","","","","","",""
"1312","","","No ","","","","",""," 2.00","1","<div class='timeperiod' nStart='180' nEnd='1080' nCurrent='9999'></div>","","","","","268","Anderson Bull 3-25-2025","Vet ck-pg ck-150D",""
"1313","","","No ","","","","",""," 2.00","","<div class='timeperiod' nStart='180' nEnd='1080' nCurrent='9999'></div>","","","","","","","",""
"1314","","","No ","","","","",""," 2.00","","<div class='timeperiod' nStart='180' nEnd='1080' nCurrent='9999'></div>","","","","","","","",""
"215","Mastitis vaccination","","No ","","","","",""," 2.00","","<div class='timeperiod' nStart='180' nEnd='1080' nCurrent='9999'></div>","","","1","36","","","","Easy Unassisted  -  Keep Calf - No"
"1316","","","No ","","","","",""," 2.00","","<div class='timeperiod' nStart='180' nEnd='1080' nCurrent='9999'></div>","","","","","","","",""
"1317","","","No ","","","","",""," 2.00","","<div class='timeperiod' nStart='180' nEnd='1080' nCurrent='9999'></div>","","","","","","","",""
"1318","","","No ","","","","",""," 2.00","","<div class='timeperiod' nStart='180' nEnd='1080' nCurrent='9999'></div>","","","","","","","",""
"1319","","","No ","","","","",""," 2.00","","<div class='timeperiod' nStart='180' nEnd='1080' nCurrent='9999'></div>","","","","","","","",""
"238","Metritis","","No ","","","","",""," 4.04","1","<div class='timeperiod' nStart='180' nEnd='1080' nCurrent='9999'></div>","","2025-10-17","2","221","","ANGUS BLEND 17","","Easy Unassisted  - beef"
"232","Female infertility","","No ","","","","",""," 4.07","1","<div class='timeperiod' nStart='180' nEnd='1080' nCurrent='9999'></div>","","2025-12-31","3","165","","DO IT NOW SEXED","","Easy Unassisted "
"243","Acute Mastitis (acute catarrhal mastitis)","","No ","","","","",""," 5.02","1","<div class='timeperiod' nStart='180' nEnd='1080' nCurrent='9999'></div>","","2026-01-09","3","122","","ANGUS BLEND 17","","Not Entered "
"239","BRSV vaccination","","No ","","","","",""," 6.02","","<div class='timeperiod' nStart='180' nEnd='1080' nCurrent='9999'></div>","","","5","58","","","","Easy Unassisted "
"235","Female infertility","","No ","","","","",""," 5.08","2","<div class='timeperiod' nStart='180' nEnd='1080' nCurrent='9999'></div>","","2025-11-28","4","211","","POWERHOUSE -SEXED","Vet ck-pg-open,CL left,stat right,lut","Vet ck-pg-open,CL left,stat right,lut10781  - First calf no assistance, second calf was folded up on itself,"
"240","Female infertility","","No ","","","","",""," 6.00","1","<div class='timeperiod' nStart='180' nEnd='1080' nCurrent='9999'></div>","","2025-06-05","4","363","160","ANGUS BLEND 17","Vet ck-pg","Vet ck-pg10778  - BEEF CALF -  Keep Calf - No"
"241","BRSV vaccination","","No ","","","","",""," 5.04","6","<div class='timeperiod' nStart='180' nEnd='1080' nCurrent='9999'></div>","","2025-04-18","3","404","172","ANGUS BLEND 17","Vet ck-pg","Vet ck-pg10779  -  Keep Calf - No"
"1320","","","No ","","","","",""," 1.11","","<div class='timeperiod' nStart='180' nEnd='1080' nCurrent='9999'></div>","","","","","","","",""
"233","Female infertility","","No ","","","","",""," 5.01","3","<div class='timeperiod' nStart='180' nEnd='1080' nCurrent='9999'></div>","","","3","332","96","DO IT NOW SEXED","Vet ck-PG","Vet ck-PG10778 "
"1321","","","No ","","","","",""," 1.11","","<div class='timeperiod' nStart='180' nEnd='1080' nCurrent='9999'></div>","","","","","","","",""
"1322","","","No ","","","","",""," 1.11","","<div class='timeperiod' nStart='180' nEnd='1080' nCurrent='9999'></div>","","","","","","","",""
"244","Female infertility","","No ","","","","",""," 5.00","4","<div class='timeperiod' nStart='180' nEnd='1080' nCurrent='9999'></div>","","","3","233","","DO IT NOW SEXED","Vet ck-pg-open,stat left,stat right,offsync","Vet ck-pg-open,stat left,stat right,offsync10779 "
"1323","Female infertility","","No ","","","","",""," 1.11","1","<div class='timeperiod' nStart='180' nEnd='1080' nCurrent='9999'></div>","","","","","","DO IT NOW SEXED","",""
"1324","","","No ","","","","",""," 1.11","","<div class='timeperiod' nStart='180' nEnd='1080' nCurrent='9999'></div>","","","","","","","",""
"1325","","","No ","","","","",""," 1.11","","<div class='timeperiod' nStart='180' nEnd='1080' nCurrent='9999'></div>","","","","","","","",""
"253","Female infertility","","No ","","","","",""," 6.04","6","<div class='timeperiod' nStart='180' nEnd='1080' nCurrent='9999'></div>","","","4","475","","ANGUS BLEND 17","Vet ck-pg ck-open,stat left,Cl right,lut","Vet ck-pg ck-open,stat left,Cl right,lut10778  -  Keep Calf - No"
"136","Female infertility","","No ","","","","",""," 6.07","2","<div class='timeperiod' nStart='180' nEnd='1080' nCurrent='9999'></div>","","","4","240","","CHAROLAIS BLEND 4","Vet ck-pg-open,stat left,stat right,offsync","Vet ck-pg-open,stat left,stat right,offsync10779 "
"260","BRSV vaccination","","No ","","","","",""," 4.09","2","<div class='timeperiod' nStart='180' nEnd='1080' nCurrent='9999'></div>","","2025-11-21","3","196","","SMITTEN SEXED","Vet ck-pg-open,stat left,sm fol right,offsync","Vet ck-pg-open,stat left,sm fol right,offsync10779  - Beef charolais"
"256","Female infertility","","No ","","","","",""," 6.07","3","<div class='timeperiod' nStart='180' nEnd='1080' nCurrent='9999'></div>","","2025-12-31","4","190","","ANGUS BLEND 17","","Easy Unassisted "
"261","BRSV vaccination","","No ","","","","",""," 4.09","2","<div class='timeperiod' nStart='180' nEnd='1080' nCurrent='9999'></div>","","2026-03-26","3","145","","ANGUS BLEND 17","","Easy Unassisted  - Angus beef"
"258","Vaccinations","","No ","","","","",""," 5.09","2","<div class='timeperiod' nStart='180' nEnd='1080' nCurrent='9999'></div>","","2025-05-31","4","366","272","MITCHELL sexed","Vet ck-pg","Vet ck-pg10778 "
"1326","","","No ","","","","",""," 1.11","","<div class='timeperiod' nStart='180' nEnd='1080' nCurrent='9999'></div>","","","","","","","",""
"1327","","","No ","","","","",""," 1.11","","<div class='timeperiod' nStart='180' nEnd='1080' nCurrent='9999'></div>","","","","","","","",""
"1328","","","No ","","","","",""," 1.11","","<div class='timeperiod' nStart='180' nEnd='1080' nCurrent='9999'></div>","","","","","","","",""
"231","Female infertility","","No ","","","","",""," 5.10","1","<div class='timeperiod' nStart='180' nEnd='1080' nCurrent='9999'></div>","","2026-03-14","6","225","","BOLDNESS SEXED","Keep Open Advice","Keep Open Advice10779  - Charolais"
"221","BRSV vaccination","","No ","","","","",""," 6.10","1","<div class='timeperiod' nStart='180' nEnd='1080' nCurrent='9999'></div>","","","4","215","142","LUCKYCHARM SEXED","Vet ck-pg","Vet ck-pg10779 "
"1329","","","No ","","","","",""," 1.10","","<div class='timeperiod' nStart='180' nEnd='1080' nCurrent='9999'></div>","","","","","","","",""
"1331","","","No ","","","","",""," 1.10","","<div class='timeperiod' nStart='180' nEnd='1080' nCurrent='9999'></div>","","","","","","","",""
"1330","","","No ","","","","",""," 1.10","","<div class='timeperiod' nStart='180' nEnd='1080' nCurrent='9999'></div>","","","","","","","",""
"1332","","","No ","","","","",""," 1.10","","<div class='timeperiod' nStart='180' nEnd='1080' nCurrent='9999'></div>","","","","","","","",""
"787","Female infertility","","No ","","","","",""," 4.10","","<div class='timeperiod' nStart='180' nEnd='1080' nCurrent='9999'></div>","","2026-03-30","3","235","","","","Easy Unassisted  - Charolais"
"1335","","","No ","","","","",""," 1.10","","<div class='timeperiod' nStart='180' nEnd='1080' nCurrent='9999'></div>","","","","","","","",""
"1336","","","No ","","","","",""," 1.10","","<div class='timeperiod' nStart='180' nEnd='1080' nCurrent='9999'></div>","","","","","","","",""
"1337","","","No ","","","","",""," 1.10","","<div class='timeperiod' nStart='180' nEnd='1080' nCurrent='9999'></div>","","","","","","","",""
"1338","","","No ","","","","",""," 1.10","","<div class='timeperiod' nStart='180' nEnd='1080' nCurrent='9999'></div>","","","","","","","",""
"1339","","","No ","","","","",""," 1.10","","<div class='timeperiod' nStart='180' nEnd='1080' nCurrent='9999'></div>","","","","","","","",""
"1340","","","No ","","","","",""," 1.10","","<div class='timeperiod' nStart='180' nEnd='1080' nCurrent='9999'></div>","","","","","","","",""
"1341","","","No ","","","","",""," 1.10","","<div class='timeperiod' nStart='180' nEnd='1080' nCurrent='9999'></div>","","","","","","","",""
"1342","","","No ","","","","",""," 1.09","","<div class='timeperiod' nStart='180' nEnd='1080' nCurrent='9999'></div>","","","","","","","",""
"1343","","","No ","","","","",""," 1.09","","<div class='timeperiod' nStart='180' nEnd='1080' nCurrent='9999'></div>","","","","","","","",""
"1345","","","No ","","","","",""," 1.09","","<div class='timeperiod' nStart='180' nEnd='1080' nCurrent='9999'></div>","","","","","","","",""
"1344","","","No ","","","","",""," 1.09","","<div class='timeperiod' nStart='180' nEnd='1080' nCurrent='9999'></div>","","","","","","","",""
"1347","","","No ","","","","",""," 1.09","","<div class='timeperiod' nStart='180' nEnd='1080' nCurrent='9999'></div>","","","","","","","",""
"1346","","","No ","","","","",""," 1.09","","<div class='timeperiod' nStart='180' nEnd='1080' nCurrent='9999'></div>","","","","","","","",""
"1348","","","No ","","","","",""," 1.09","","<div class='timeperiod' nStart='180' nEnd='1080' nCurrent='9999'></div>","","","","","","","",""
"1349","","","No ","","","","",""," 1.09","","<div class='timeperiod' nStart='180' nEnd='1080' nCurrent='9999'></div>","","","","","","","",""
"1350","","","No ","","","","",""," 1.09","","<div class='timeperiod' nStart='180' nEnd='1080' nCurrent='9999'></div>","","","","","","","",""
"1351","","","No ","","","","",""," 1.09","","<div class='timeperiod' nStart='180' nEnd='1080' nCurrent='9999'></div>","","","","","","","",""
"1353","","","No ","","","","",""," 1.09","","<div class='timeperiod' nStart='180' nEnd='1080' nCurrent='9999'></div>","","","","","","","",""
"1354","","","No ","","","","",""," 1.09","","<div class='timeperiod' nStart='180' nEnd='1080' nCurrent='9999'></div>","","","","","","","",""
"270","BRSV vaccination","","No ","","","","",""," 4.10","2","<div class='timeperiod' nStart='180' nEnd='1080' nCurrent='9999'></div>","","2026-02-07","3","157","","ANGUS BLEND 17","","Not Entered  -  Keep Calf - No"
"1355","","","No ","","","","",""," 1.09","","<div class='timeperiod' nStart='180' nEnd='1080' nCurrent='9999'></div>","","","","","","","",""
"1356","","","No ","","","","",""," 1.09","","<div class='timeperiod' nStart='180' nEnd='1080' nCurrent='9999'></div>","","","","","","","",""
"1357","","","No ","","","","",""," 1.09","","<div class='timeperiod' nStart='180' nEnd='1080' nCurrent='9999'></div>","","","","","","","",""
"1358","","","No ","","","","",""," 1.09","","<div class='timeperiod' nStart='180' nEnd='1080' nCurrent='9999'></div>","","","","","","","",""
"1359","","","No ","","","","",""," 1.09","","<div class='timeperiod' nStart='180' nEnd='1080' nCurrent='9999'></div>","","","","","","","",""
"1360","","","No ","","","","",""," 1.09","","<div class='timeperiod' nStart='180' nEnd='1080' nCurrent='9999'></div>","","","","","","","",""
"1361","","","No ","","","","",""," 1.09","","<div class='timeperiod' nStart='180' nEnd='1080' nCurrent='9999'></div>","","","","","","","",""
"1362","","","No ","","","","",""," 1.08","","<div class='timeperiod' nStart='180' nEnd='1080' nCurrent='9999'></div>","","","","","","","",""
"1363","","","No ","","","","",""," 1.08","","<div class='timeperiod' nStart='180' nEnd='1080' nCurrent='9999'></div>","","","","","","","",""
"1364","","","No ","","","","",""," 1.08","","<div class='timeperiod' nStart='180' nEnd='1080' nCurrent='9999'></div>","","","","","","","",""
"1365","","","No ","","","","",""," 1.08","","<div class='timeperiod' nStart='180' nEnd='1080' nCurrent='9999'></div>","","","","","","","",""
"1366","","","No ","","","","",""," 1.08","","<div class='timeperiod' nStart='180' nEnd='1080' nCurrent='9999'></div>","","","","","","","",""
"1367","","","No ","","","","",""," 1.08","","<div class='timeperiod' nStart='180' nEnd='1080' nCurrent='9999'></div>","","","","","","","",""
"1368","","","No ","","","","",""," 1.08","","<div class='timeperiod' nStart='180' nEnd='1080' nCurrent='9999'></div>","","","","","","","",""
"1369","","","No ","","","","",""," 1.08","","<div class='timeperiod' nStart='180' nEnd='1080' nCurrent='9999'></div>","","","","","","","",""
"1370","","","No ","","","","",""," 1.08","","<div class='timeperiod' nStart='180' nEnd='1080' nCurrent='9999'></div>","","","","","","","",""
"1371","","","No ","","","","",""," 1.08","","<div class='timeperiod' nStart='180' nEnd='1080' nCurrent='9999'></div>","","","","","","","",""
"1373","","","No ","","","","",""," 1.08","","<div class='timeperiod' nStart='180' nEnd='1080' nCurrent='9999'></div>","","","","","","","",""
"1374","","","No ","","","","",""," 1.08","","<div class='timeperiod' nStart='180' nEnd='1080' nCurrent='9999'></div>","","","","","","","",""
"1375","","","No ","","","","",""," 1.08","","<div class='timeperiod' nStart='180' nEnd='1080' nCurrent='9999'></div>","","","","","","","",""
"1376","","","No ","","","","",""," 1.08","","<div class='timeperiod' nStart='180' nEnd='1080' nCurrent='9999'></div>","","","","","","","",""
"1378","","","No ","","","","",""," 1.07","","<div class='timeperiod' nStart='180' nEnd='1080' nCurrent='9999'></div>","","","","","","","",""
"1379","","","No ","","","","",""," 1.07","","<div class='timeperiod' nStart='180' nEnd='1080' nCurrent='9999'></div>","","","","","","","",""
"1380","","","No ","","","","",""," 1.07","","<div class='timeperiod' nStart='180' nEnd='1080' nCurrent='9999'></div>","","","","","","","",""
"1381","","","No ","","","","",""," 1.07","","<div class='timeperiod' nStart='180' nEnd='1080' nCurrent='9999'></div>","","","","","","","",""
"20042","","","No ","","","","",""," 1.07","","<div class='timeperiod' nStart='180' nEnd='1080' nCurrent='9999'></div>","","","","","","","",""
"1382","","","No ","","","","",""," 1.07","","<div class='timeperiod' nStart='180' nEnd='1080' nCurrent='9999'></div>","","","","","","","",""
"1383","","","No ","","","","",""," 1.06","","<div class='timeperiod' nStart='180' nEnd='1080' nCurrent='9999'></div>","","","","","","","",""
"1384","","","No ","","","","",""," 1.06","","<div class='timeperiod' nStart='180' nEnd='1080' nCurrent='9999'></div>","","","","","","","",""
"1385","","","No ","","","","",""," 1.06","","<div class='timeperiod' nStart='180' nEnd='1080' nCurrent='9999'></div>","","","","","","","",""
"1386","","","No ","","","","",""," 1.06","","<div class='timeperiod' nStart='180' nEnd='1080' nCurrent='9999'></div>","","","","","","","",""
"20043","","","No ","","","","",""," 1.06","","<div class='timeperiod' nStart='180' nEnd='1080' nCurrent='9999'></div>","","","","","","","",""
"1387","","","No ","","","","",""," 1.06","","<div class='timeperiod' nStart='180' nEnd='1080' nCurrent='9999'></div>","","","","","","","",""
"1388","","","No ","","","","",""," 1.06","","<div class='timeperiod' nStart='180' nEnd='1080' nCurrent='9999'></div>","","","","","","","",""
"1389","","","No ","","","","",""," 1.06","","<div class='timeperiod' nStart='180' nEnd='1080' nCurrent='9999'></div>","","","","","","","",""
"1390","","","No ","","","","",""," 1.06","","<div class='timeperiod' nStart='180' nEnd='1080' nCurrent='9999'></div>","","","","","","","",""
"1391","","","No ","","","","",""," 1.06","","<div class='timeperiod' nStart='180' nEnd='1080' nCurrent='9999'></div>","","","","","","","",""
"1392","","","No ","","","","",""," 1.05","","<div class='timeperiod' nStart='180' nEnd='1080' nCurrent='9999'></div>","","","","","","","",""
"1393","","","No ","","","","",""," 1.05","","<div class='timeperiod' nStart='180' nEnd='1080' nCurrent='9999'></div>","","","","","","","",""
"1394","","","No ","","","","",""," 1.05","","<div class='timeperiod' nStart='180' nEnd='1080' nCurrent='9999'></div>","","","","","","","",""
"1395","","","No ","","","","",""," 1.05","","<div class='timeperiod' nStart='180' nEnd='1080' nCurrent='9999'></div>","","","","","","","",""
"1396","","","No ","","","","",""," 1.05","","<div class='timeperiod' nStart='180' nEnd='1080' nCurrent='9999'></div>","","","","","","","",""
"1397","","","No ","","","","",""," 1.05","","<div class='timeperiod' nStart='180' nEnd='1080' nCurrent='9999'></div>","","","","","","","",""
"1398","","","No ","","","","",""," 1.05","","<div class='timeperiod' nStart='180' nEnd='1080' nCurrent='9999'></div>","","","","","","","",""
"1399","","","No ","","","","",""," 1.05","","<div class='timeperiod' nStart='180' nEnd='1080' nCurrent='9999'></div>","","","","","","","",""
"1400","","","No ","","","","",""," 1.05","","<div class='timeperiod' nStart='180' nEnd='1080' nCurrent='9999'></div>","","","","","","","",""
"1401","","","No ","","","","",""," 1.05","","<div class='timeperiod' nStart='180' nEnd='1080' nCurrent='9999'></div>","","","","","","","",""
"1402","","","No ","","","","",""," 1.05","","<div class='timeperiod' nStart='180' nEnd='1080' nCurrent='9999'></div>","","","","","","","",""
"1403","","","No ","","","","",""," 1.04","","<div class='timeperiod' nStart='180' nEnd='1080' nCurrent='9999'></div>","","","","","","","",""
"1404","","","No ","","","","",""," 1.04","","<div class='timeperiod' nStart='180' nEnd='1080' nCurrent='9999'></div>","","","","","","","",""
"1407","","","No ","","","","",""," 1.04","","<div class='timeperiod' nStart='180' nEnd='1080' nCurrent='9999'></div>","","","","","","","",""
"1408","","","No ","","","","",""," 1.04","","<div class='timeperiod' nStart='180' nEnd='1080' nCurrent='9999'></div>","","","","","","","",""
"1410","","","No ","","","","",""," 1.04","","<div class='timeperiod' nStart='180' nEnd='1080' nCurrent='9999'></div>","","","","","","","",""
"1411","","","No ","","","","",""," 1.04","","<div class='timeperiod' nStart='180' nEnd='1080' nCurrent='9999'></div>","","","","","","","",""
"1412","","","No ","","","","",""," 1.03","","<div class='timeperiod' nStart='180' nEnd='1080' nCurrent='9999'></div>","","","","","","","",""
"1413","","","No ","","","","",""," 1.03","","<div class='timeperiod' nStart='180' nEnd='1080' nCurrent='9999'></div>","","","","","","","",""
"1414","","","No ","","","","",""," 1.03","","<div class='timeperiod' nStart='180' nEnd='1080' nCurrent='9999'></div>","","","","","","","",""
"1415","","","No ","","","","",""," 1.03","","<div class='timeperiod' nStart='180' nEnd='1080' nCurrent='9999'></div>","","","","","","","",""
"1416","","","No ","","","","",""," 1.03","","<div class='timeperiod' nStart='180' nEnd='1080' nCurrent='9999'></div>","","","","","","","",""
"20045","","","No ","","","","",""," 1.03","","<div class='timeperiod' nStart='180' nEnd='1080' nCurrent='9999'></div>","","","","","","","",""
"1417","","","No ","","","","",""," 1.03","","<div class='timeperiod' nStart='180' nEnd='1080' nCurrent='9999'></div>","","","","","","","",""
"1418","","","No ","","","","",""," 1.03","","<div class='timeperiod' nStart='180' nEnd='1080' nCurrent='9999'></div>","","","","","","","",""
"1419","","","No ","","","","",""," 1.03","","<div class='timeperiod' nStart='180' nEnd='1080' nCurrent='9999'></div>","","","","","","","",""
"1420","","","No ","","","","",""," 1.02","","<div class='timeperiod' nStart='180' nEnd='1080' nCurrent='9999'></div>","","","","","","","",""
"20046","","","No ","","","","",""," 1.02","","<div class='timeperiod' nStart='180' nEnd='1080' nCurrent='9999'></div>","","","","","","","",""
"1421","","","No ","","","","",""," 1.02","","<div class='timeperiod' nStart='180' nEnd='1080' nCurrent='9999'></div>","","","","","","","",""
"1422","","","No ","","","","",""," 1.02","","<div class='timeperiod' nStart='180' nEnd='1080' nCurrent='9999'></div>","","","","","","","",""
"1423","","","No ","","","","",""," 1.02","","<div class='timeperiod' nStart='180' nEnd='1080' nCurrent='9999'></div>","","","","","","","",""
"1424","","","No ","","","","",""," 1.01","","<div class='timeperiod' nStart='180' nEnd='1080' nCurrent='9999'></div>","","","","","","","",""
"1425","","","No ","","","","",""," 1.01","","<div class='timeperiod' nStart='180' nEnd='1080' nCurrent='9999'></div>","","","","","","","",""
"1426","","","No ","","","","",""," 1.00","","<div class='timeperiod' nStart='180' nEnd='1080' nCurrent='9999'></div>","","","","","","","",""
"20047","","","No ","","","","",""," 1.00","","<div class='timeperiod' nStart='180' nEnd='1080' nCurrent='9999'></div>","","","","","","","",""
"0","","","No ","","","","",""," 1.00","","<div class='timeperiod' nStart='180' nEnd='1080' nCurrent='9999'></div>","","","","","","","",""
"1427","","","No ","","","","",""," 1.00","","<div class='timeperiod' nStart='180' nEnd='1080' nCurrent='9999'></div>","","","","","","","",""
"0","","","No ","","","","",""," 1.00","","<div class='timeperiod' nStart='180' nEnd='1080' nCurrent='9999'></div>","","","","","","","",""
"0","","","No ","","","","",""," 1.00","","<div class='timeperiod' nStart='180' nEnd='1080' nCurrent='9999'></div>","","","","","","","",""
"1428","","","No ","","","","",""," 1.00","","<div class='timeperiod' nStart='180' nEnd='1080' nCurrent='9999'></div>","","","","","","","",""
"0","","","No ","","","","",""," 0.11","","<div class='timeperiod' nStart='180' nEnd='1080' nCurrent='9999'></div>","","","","","","","",""
"0","","","No ","","","","",""," 0.11","","<div class='timeperiod' nStart='180' nEnd='1080' nCurrent='9999'></div>","","","","","","","",""
"1429","","","No ","","","","",""," 0.11","","<div class='timeperiod' nStart='180' nEnd='1080' nCurrent='9999'></div>","","","","","","","",""
"0","","","No ","","","","",""," 0.11","","<div class='timeperiod' nStart='180' nEnd='1080' nCurrent='9999'></div>","","","","","","","",""
"0","","","No ","","","","",""," 0.11","","<div class='timeperiod' nStart='180' nEnd='1080' nCurrent='9999'></div>","","","","","","","",""
"1430","","","No ","","","","",""," 0.11","","<div class='timeperiod' nStart='180' nEnd='1080' nCurrent='9999'></div>","","","","","","","",""
"1431","","","No ","","","","",""," 0.11","","<div class='timeperiod' nStart='180' nEnd='1080' nCurrent='9999'></div>","","","","","","","",""
"0","","","No ","","","","",""," 0.11","","<div class='timeperiod' nStart='180' nEnd='1080' nCurrent='9999'></div>","","","","","","","",""
"0","","","No ","","","","",""," 0.11","","<div class='timeperiod' nStart='180' nEnd='1080' nCurrent='9999'></div>","","","","","","","",""
"1432","","","No ","","","","",""," 0.11","","<div class='timeperiod' nStart='180' nEnd='1080' nCurrent='9999'></div>","","","","","","","",""
"0","","","No ","","","","",""," 0.11","","<div class='timeperiod' nStart='180' nEnd='1080' nCurrent='9999'></div>","","","","","","","",""
"0","","","No ","","","","",""," 0.11","","<div class='timeperiod' nStart='180' nEnd='1080' nCurrent='9999'></div>","","","","","","","",""
"1433","","","No ","","","","",""," 0.11","","<div class='timeperiod' nStart='180' nEnd='1080' nCurrent='9999'></div>","","","","","","","",""
"1434","","","No ","","","","",""," 0.11","","<div class='timeperiod' nStart='180' nEnd='1080' nCurrent='9999'></div>","","","","","","","",""
"1435","","","No ","","","","",""," 0.11","","<div class='timeperiod' nStart='180' nEnd='1080' nCurrent='9999'></div>","","","","","","","",""
"20048","","","No ","","","","",""," 0.11","","<div class='timeperiod' nStart='180' nEnd='1080' nCurrent='9999'></div>","","","","","","","",""
"1436","","","No ","","","","",""," 0.10","","<div class='timeperiod' nStart='180' nEnd='1080' nCurrent='9999'></div>","","","","","","","",""
"1437","","","No ","","","","",""," 0.10","","<div class='timeperiod' nStart='180' nEnd='1080' nCurrent='9999'></div>","","","","","","","",""
"1439","","","No ","","","","",""," 0.10","","<div class='timeperiod' nStart='180' nEnd='1080' nCurrent='9999'></div>","","","","","","","",""
"1438","","","No ","","","","",""," 0.10","","<div class='timeperiod' nStart='180' nEnd='1080' nCurrent='9999'></div>","","","","","","","",""
"0","","","No ","","","","",""," 0.10","","<div class='timeperiod' nStart='180' nEnd='1080' nCurrent='9999'></div>","","","","","","","",""
"1441","","","No ","","","","",""," 0.09","","<div class='timeperiod' nStart='180' nEnd='1080' nCurrent='9999'></div>","","","","","","","",""
"1442","","","No ","","","","",""," 0.09","","<div class='timeperiod' nStart='180' nEnd='1080' nCurrent='9999'></div>","","","","","","","",""
"1443","","","No ","","","","",""," 0.09","","<div class='timeperiod' nStart='180' nEnd='1080' nCurrent='9999'></div>","","","","","","","",""
"1444","","","No ","","","","",""," 0.09","","<div class='timeperiod' nStart='180' nEnd='1080' nCurrent='9999'></div>","","","","","","","",""
"0","","","No ","","","","",""," 0.08","","<div class='timeperiod' nStart='180' nEnd='1080' nCurrent='9999'></div>","","","","","","","",""
"0","","","No ","","","","",""," 0.08","","<div class='timeperiod' nStart='180' nEnd='1080' nCurrent='9999'></div>","","","","","","","",""
"0","","","No ","","","","",""," 0.08","","<div class='timeperiod' nStart='180' nEnd='1080' nCurrent='9999'></div>","","","","","","","",""
"81","Female infertility","","No ","","","","",""," 2.11","2","<div class='timeperiod' nStart='180' nEnd='1080' nCurrent='9999'></div>","","2025-09-08","1","261","77","BOLDNESS SEXED","Vet ck-PG","Vet ck-PG10779  - Beef angus -  Keep Calf - No"
"0","","","No ","","","","",""," 0.08","","<div class='timeperiod' nStart='180' nEnd='1080' nCurrent='9999'></div>","","","","","","","",""
"0","","","No ","","","","",""," 0.08","","<div class='timeperiod' nStart='180' nEnd='1080' nCurrent='9999'></div>","","","","","","","",""
"0","","","No ","","","","",""," 0.08","","<div class='timeperiod' nStart='180' nEnd='1080' nCurrent='9999'></div>","","","","","","","",""
"0","","","No ","","","","",""," 0.08","","<div class='timeperiod' nStart='180' nEnd='1080' nCurrent='9999'></div>","","","","","","","",""
"0","","","No ","","","","",""," 0.08","","<div class='timeperiod' nStart='180' nEnd='1080' nCurrent='9999'></div>","","","","","","","",""
"0","","","No ","","","","",""," 0.08","","<div class='timeperiod' nStart='180' nEnd='1080' nCurrent='9999'></div>","","","","","","","",""
"1445","","","No ","","","","",""," 0.08","","<div class='timeperiod' nStart='180' nEnd='1080' nCurrent='9999'></div>","","","","","","","",""
"1446","","","No ","","","","",""," 0.08","","<div class='timeperiod' nStart='180' nEnd='1080' nCurrent='9999'></div>","","","","","","","",""
"1447","","","No ","","","","",""," 0.08","","<div class='timeperiod' nStart='180' nEnd='1080' nCurrent='9999'></div>","","","","","","","",""
"1449","","","No ","","","","",""," 0.08","","<div class='timeperiod' nStart='180' nEnd='1080' nCurrent='9999'></div>","","","","","","","",""
"1450","","","No ","","","","",""," 0.08","","<div class='timeperiod' nStart='180' nEnd='1080' nCurrent='9999'></div>","","","","","","","",""
"1451","","","No ","","","","",""," 0.08","","<div class='timeperiod' nStart='180' nEnd='1080' nCurrent='9999'></div>","","","","","","","",""
"1452","","","No ","","","","",""," 0.08","","<div class='timeperiod' nStart='180' nEnd='1080' nCurrent='9999'></div>","","","","","","","",""
"1453","","","No ","","","","",""," 0.07","","<div class='timeperiod' nStart='180' nEnd='1080' nCurrent='9999'></div>","","","","","","","",""
"1454","","","No ","","","","",""," 0.07","","<div class='timeperiod' nStart='180' nEnd='1080' nCurrent='9999'></div>","","","","","","","",""
"1456","","","No ","","","","",""," 0.07","","<div class='timeperiod' nStart='180' nEnd='1080' nCurrent='9999'></div>","","","","","","","",""
"1457","","","No ","","","","",""," 0.07","","<div class='timeperiod' nStart='180' nEnd='1080' nCurrent='9999'></div>","","","","","","","",""
"1458","","","No ","","","","",""," 0.07","","<div class='timeperiod' nStart='180' nEnd='1080' nCurrent='9999'></div>","","","","","","","",""
"1459","","","No ","","","","",""," 0.07","","<div class='timeperiod' nStart='180' nEnd='1080' nCurrent='9999'></div>","","","","","","","",""
"75","Female infertility","","No ","","","","",""," 2.11","4","<div class='timeperiod' nStart='180' nEnd='1080' nCurrent='9999'></div>","","2025-09-21","1","230","","ANGUS BLEND 17","Vet ck-pg-open,stat left,stat right,offsync","Vet ck-pg-open,stat left,stat right,offsync10780  - Beef angus, calf was backwards"
"1460","","","No ","","","","",""," 0.07","","<div class='timeperiod' nStart='180' nEnd='1080' nCurrent='9999'></div>","","","","","","","",""
"1461","","","No ","","","","",""," 0.07","","<div class='timeperiod' nStart='180' nEnd='1080' nCurrent='9999'></div>","","","","","","","",""
"1462","","","No ","","","","",""," 0.07","","<div class='timeperiod' nStart='180' nEnd='1080' nCurrent='9999'></div>","","","","","","","",""
"1463","","","No ","","","","",""," 0.07","","<div class='timeperiod' nStart='180' nEnd='1080' nCurrent='9999'></div>","","","","","","","",""
"1464","","","No ","","","","",""," 0.06","","<div class='timeperiod' nStart='180' nEnd='1080' nCurrent='9999'></div>","","","","","","","",""
"1465","","","No ","","","","",""," 0.06","","<div class='timeperiod' nStart='180' nEnd='1080' nCurrent='9999'></div>","","","","","","","",""
"1466","","","No ","","","","",""," 0.06","","<div class='timeperiod' nStart='180' nEnd='1080' nCurrent='9999'></div>","","","","","","","",""
"1467","","","No ","","","","",""," 0.06","","<div class='timeperiod' nStart='180' nEnd='1080' nCurrent='9999'></div>","","","","","","","",""
"1468","","","No ","","","","",""," 0.06","","<div class='timeperiod' nStart='180' nEnd='1080' nCurrent='9999'></div>","","","","","","","",""
"1469","","","No ","","","","",""," 0.06","","<div class='timeperiod' nStart='180' nEnd='1080' nCurrent='9999'></div>","","","","","","","",""
"1470","","","No ","","","","",""," 0.06","","<div class='timeperiod' nStart='180' nEnd='1080' nCurrent='9999'></div>","","","","","","","",""
"0","","","No ","","","","",""," 0.05","","<div class='timeperiod' nStart='180' nEnd='1080' nCurrent='9999'></div>","","","","","","","",""
"20049","","","No ","","","","",""," 0.05","","<div class='timeperiod' nStart='180' nEnd='1080' nCurrent='9999'></div>","","","","","","","",""
"0","","","No ","","","","",""," 0.05","","<div class='timeperiod' nStart='180' nEnd='1080' nCurrent='9999'></div>","","","","","","","",""
"0","","","No ","","","","",""," 0.05","","<div class='timeperiod' nStart='180' nEnd='1080' nCurrent='9999'></div>","","","","","","","",""
"0","","","No ","","","","",""," 0.05","","<div class='timeperiod' nStart='180' nEnd='1080' nCurrent='9999'></div>","","","","","","","",""
"1471","","","No ","","","","",""," 0.05","","<div class='timeperiod' nStart='180' nEnd='1080' nCurrent='9999'></div>","","","","","","","",""
"1472","","","No ","","","","",""," 0.05","","<div class='timeperiod' nStart='180' nEnd='1080' nCurrent='9999'></div>","","","","","","","",""
"0","","","No ","","","","",""," 0.05","","<div class='timeperiod' nStart='180' nEnd='1080' nCurrent='9999'></div>","","","","","","","",""
"0","","","No ","","","","",""," 0.05","","<div class='timeperiod' nStart='180' nEnd='1080' nCurrent='9999'></div>","","","","","","","",""
"0","","","No ","","","","",""," 0.05","","<div class='timeperiod' nStart='180' nEnd='1080' nCurrent='9999'></div>","","","","","","","",""
"0","","","No ","","","","",""," 0.05","","<div class='timeperiod' nStart='180' nEnd='1080' nCurrent='9999'></div>","","","","","","","",""
"0","","","No ","","","","",""," 0.05","","<div class='timeperiod' nStart='180' nEnd='1080' nCurrent='9999'></div>","","","","","","","",""
"0","","","No ","","","","",""," 0.04","","<div class='timeperiod' nStart='180' nEnd='1080' nCurrent='9999'></div>","","","","","","","",""
"1473","","","No ","","","","",""," 0.04","","<div class='timeperiod' nStart='180' nEnd='1080' nCurrent='9999'></div>","","","","","","","",""
"1474","","","No ","","","","",""," 0.04","","<div class='timeperiod' nStart='180' nEnd='1080' nCurrent='9999'></div>","","","","","","","",""
"1476","","","No ","","","","",""," 0.04","","<div class='timeperiod' nStart='180' nEnd='1080' nCurrent='9999'></div>","","","","","","","",""
"1475","","","No ","","","","",""," 0.04","","<div class='timeperiod' nStart='180' nEnd='1080' nCurrent='9999'></div>","","","","","","","",""
"1477","","","No ","","","","",""," 0.03","","<div class='timeperiod' nStart='180' nEnd='1080' nCurrent='9999'></div>","","","","","","","",""
"1478","","","No ","","","","",""," 0.03","","<div class='timeperiod' nStart='180' nEnd='1080' nCurrent='9999'></div>","","","","","","","",""
"1479","","","No ","","","","",""," 0.03","","<div class='timeperiod' nStart='180' nEnd='1080' nCurrent='9999'></div>","","","","","","","",""
"1480","","","No ","","","","",""," 0.03","","<div class='timeperiod' nStart='180' nEnd='1080' nCurrent='9999'></div>","","","","","","","",""
"1481","","","No ","","","","",""," 0.03","","<div class='timeperiod' nStart='180' nEnd='1080' nCurrent='9999'></div>","","","","","","","",""
"1482","","","No ","","","","",""," 0.03","","<div class='timeperiod' nStart='180' nEnd='1080' nCurrent='9999'></div>","","","","","","","",""
"0","","","No ","","","","",""," 0.03","","<div class='timeperiod' nStart='180' nEnd='1080' nCurrent='9999'></div>","","","","","","","",""
"1485","","","No ","","","","",""," 0.02","","<div class='timeperiod' nStart='180' nEnd='1080' nCurrent='9999'></div>","","","","","","","",""
"1486","","","No ","","","","",""," 0.02","","<div class='timeperiod' nStart='180' nEnd='1080' nCurrent='9999'></div>","","","","","","","",""
"0","","","No ","","","","",""," 0.02","","<div class='timeperiod' nStart='180' nEnd='1080' nCurrent='9999'></div>","","","","","","","",""
"0","","","No ","","","","",""," 0.02","","<div class='timeperiod' nStart='180' nEnd='1080' nCurrent='9999'></div>","","","","","","","",""
"1487","","","No ","","","","",""," 0.02","","<div class='timeperiod' nStart='180' nEnd='1080' nCurrent='9999'></div>","","","","","","","",""
"1488","","","No ","","","","",""," 0.02","","<div class='timeperiod' nStart='180' nEnd='1080' nCurrent='9999'></div>","","","","","","","",""
"1489","","","No ","","","","",""," 0.01","","<div class='timeperiod' nStart='180' nEnd='1080' nCurrent='9999'></div>","","","","","","","",""
"1490","","","No ","","","","",""," 0.01","","<div class='timeperiod' nStart='180' nEnd='1080' nCurrent='9999'></div>","","","","","","","",""
"1491","","","No ","","","","",""," 0.01","","<div class='timeperiod' nStart='180' nEnd='1080' nCurrent='9999'></div>","","","","","","","",""
"0","","","No ","","","","",""," 0.01","","<div class='timeperiod' nStart='180' nEnd='1080' nCurrent='9999'></div>","","","","","","","",""
"1492","","","No ","","","","",""," 0.01","","<div class='timeperiod' nStart='180' nEnd='1080' nCurrent='9999'></div>","","","","","","","",""
"0","","","No ","","","","",""," 0.01","","<div class='timeperiod' nStart='180' nEnd='1080' nCurrent='9999'></div>","","","","","","","",""
"0","","","No ","","","","",""," 0.01","","<div class='timeperiod' nStart='180' nEnd='1080' nCurrent='9999'></div>","","","","","","","",""
"191","Acute Mastitis (acute catarrhal mastitis)","","No ","","","","",""," 2.11","","<div class='timeperiod' nStart='180' nEnd='1080' nCurrent='9999'></div>","","","1","38","","","","Easy Unassisted  -  Keep Calf - No"
"0","","","No ","","","","",""," 0.01","","<div class='timeperiod' nStart='180' nEnd='1080' nCurrent='9999'></div>","","","","","","","",""
"0","","","No ","","","","",""," 0.01","","<div class='timeperiod' nStart='180' nEnd='1080' nCurrent='9999'></div>","","","","","","","",""
"0","","","No ","","","","",""," 0.01","","<div class='timeperiod' nStart='180' nEnd='1080' nCurrent='9999'></div>","","","","","","","",""
"1493","","","No ","","","","",""," 0.01","","<div class='timeperiod' nStart='180' nEnd='1080' nCurrent='9999'></div>","","","","","","","",""
"1494","","","No ","","","","",""," 0.01","","<div class='timeperiod' nStart='180' nEnd='1080' nCurrent='9999'></div>","","","","","","","",""
"0","","","No ","","","","",""," 0.01","","<div class='timeperiod' nStart='180' nEnd='1080' nCurrent='9999'></div>","","","","","","","",""
"0","","","No ","","","","",""," 0.01","","<div class='timeperiod' nStart='180' nEnd='1080' nCurrent='9999'></div>","","","","","","","",""
"1207","","","No ","","","","",""," 2.11","1","<div class='timeperiod' nStart='180' nEnd='1080' nCurrent='9999'></div>","","","","","117","Anderson Bull 3-25-2025","Vet ck-pg 90D,heifer calf",""
"1213","","","No ","","","","",""," 2.11","1","<div class='timeperiod' nStart='180' nEnd='1080' nCurrent='9999'></div>","","","","","268","","",""
"0","","","No ","","","","",""," 0.00","","<div class='timeperiod' nStart='180' nEnd='1080' nCurrent='9999'></div>","","","","","","","",""
"0","","","No ","","","","",""," 0.00","","<div class='timeperiod' nStart='180' nEnd='1080' nCurrent='9999'></div>","","","","","","","",""
"0","","","No ","","","","",""," 0.00","","<div class='timeperiod' nStart='180' nEnd='1080' nCurrent='9999'></div>","","","","","","","",""
"0","","","No ","","","","",""," 0.00","","<div class='timeperiod' nStart='180' nEnd='1080' nCurrent='9999'></div>","","","","","","","",""
"0","","","No ","","","","",""," 0.00","","<div class='timeperiod' nStart='180' nEnd='1080' nCurrent='9999'></div>","","","","","","","",""
"0","","","No ","","","","",""," 0.00","","<div class='timeperiod' nStart='180' nEnd='1080' nCurrent='9999'></div>","","","","","","","",""
"0","","","No ","","","","",""," 0.00","","<div class='timeperiod' nStart='180' nEnd='1080' nCurrent='9999'></div>","","","","","","","",""
"1497","","","No ","","","","",""," 0.00","","<div class='timeperiod' nStart='180' nEnd='1080' nCurrent='9999'></div>","","","","","","","",""
"0","","","No ","","","","",""," 0.00","","<div class='timeperiod' nStart='180' nEnd='1080' nCurrent='9999'></div>","","","","","","","",""
"0","","","No ","","","","",""," 0.00","","<div class='timeperiod' nStart='180' nEnd='1080' nCurrent='9999'></div>","","","","","","","",""
"0","","","No ","","","","",""," 0.00","","<div class='timeperiod' nStart='180' nEnd='1080' nCurrent='9999'></div>","","","","","","","",""
"1498","","","No ","","","","",""," 0.00","","<div class='timeperiod' nStart='180' nEnd='1080' nCurrent='9999'></div>","","","","","","","",""
"1499","","","No ","","","","",""," 0.00","","<div class='timeperiod' nStart='180' nEnd='1080' nCurrent='9999'></div>","","","","","","","",""
"0","","","No ","","","","",""," 0.00","","<div class='timeperiod' nStart='180' nEnd='1080' nCurrent='9999'></div>","","","","","","","",""
"1500","","","No ","","","","",""," 0.00","","<div class='timeperiod' nStart='180' nEnd='1080' nCurrent='9999'></div>","","","","","","","",""
"0","","","No ","","","","",""," 0.00","","<div class='timeperiod' nStart='180' nEnd='1080' nCurrent='9999'></div>","","","","","","","",""
"1501","","","No ","","","","",""," 0.00","","<div class='timeperiod' nStart='180' nEnd='1080' nCurrent='9999'></div>","","","","","","","",""
"0","","","No ","","","","",""," 0.00","","<div class='timeperiod' nStart='180' nEnd='1080' nCurrent='9999'></div>","","","","","","","",""
"1502","","","No ","","","","",""," 0.00","","<div class='timeperiod' nStart='180' nEnd='1080' nCurrent='9999'></div>","","","","","","","",""
"0","","","No ","","","","",""," 0.00","","<div class='timeperiod' nStart='180' nEnd='1080' nCurrent='9999'></div>","","","","","","","",""
"0","","","No ","","","","",""," 0.00","","<div class='timeperiod' nStart='180' nEnd='1080' nCurrent='9999'></div>","","","","","","","",""
"0","","","No ","","","","",""," 0.00","","<div class='timeperiod' nStart='180' nEnd='1080' nCurrent='9999'></div>","","","","","","","",""
"1503","","","No ","","","","",""," 0.00","","<div class='timeperiod' nStart='180' nEnd='1080' nCurrent='9999'></div>","","","","","","","",""
"0","","","No ","","","","",""," 0.00","","<div class='timeperiod' nStart='180' nEnd='1080' nCurrent='9999'></div>","","","","","","","",""
"0","","","No ","","","","",""," 0.00","","<div class='timeperiod' nStart='180' nEnd='1080' nCurrent='9999'></div>","","","","","","","",""
"0","","","No ","","","","",""," 0.00","","<div class='timeperiod' nStart='180' nEnd='1080' nCurrent='9999'></div>","","","","","","","",""
"0","","","No ","","","","",""," 0.00","","<div class='timeperiod' nStart='180' nEnd='1080' nCurrent='9999'></div>","","","","","","","",""
"0","","","No ","","","","",""," 0.00","","<div class='timeperiod' nStart='180' nEnd='1080' nCurrent='9999'></div>","","","","","","","",""
"1504","","","No ","","","","",""," 0.00","","<div class='timeperiod' nStart='180' nEnd='1080' nCurrent='9999'></div>","","","","","","","",""
"1505","","","No ","","","","",""," 0.00","","<div class='timeperiod' nStart='180' nEnd='1080' nCurrent='9999'></div>","","","","","","","",""
"1506","","","No ","","","","",""," 0.00","","<div class='timeperiod' nStart='180' nEnd='1080' nCurrent='9999'></div>","","","","","","","",""