"Animal Number","Animal Tag Id","Animal Life No. ","Lactation Days","Day Production","Date","Rumination Minutes","Intake Total","Rest Feed","Failures","Milkings","Fat/Protein Ratio","SCC Indication","Refusals","Day production Dev."
"AVG","","","","62.0","","","","","","","","","",""
"SUM","","","","","","","","","","","","","",""
"1111","","NL 1235469870","","","2026-04-13","","","","","","","","",""
"1111","","NL 1235469870","","","2026-04-14","","","","","","","","",""
"22","3087348","DD1022","295","28.2","2026-04-13","380","5.18","3.02","0","1","1.56","","2","-1.54"
"22","3087348","DD1022","296","26.9","2026-04-14","413","","","0","2","1.62","","1","-2.20"
"66","3087248","DD1170","108","81.3","2026-04-13","562","17.98","0.47","3","2","1.09","","0","-7.50"
"66","3087248","DD1170","109","82.7","2026-04-14","539","","","3","1","1.15","","0","-5.07"
"166","5927463","DD1171","473","","2026-04-13","500","","","","","","","",""
"166","5927463","DD1171","474","","2026-04-14","460","","","","","","","",""
"96","3087977","DD1196","234","69.0","2026-04-13","551","12.86","0.25","0","3","1.21","","2","-3.75"
"96","3087977","DD1196","235","69.4","2026-04-14","508","","","0","3","1.15","","11","-2.65"
"182","6634654","DD1342","226","78.0","2026-04-13","574","13.81","0.21","0","3","1.35","","3","-3.53"
"182","6634654","DD1342","227","73.9","2026-04-14","605","","","0","3","1.39","","8","-6.61"
"110","3087310","DD1351","255","73.4","2026-04-13","584","14.58","0.27","0","4","1.22","","4","-7.94"
"110","3087310","DD1351","256","71.0","2026-04-14","616","","","0","3","1.22","","16","-9.26"
"16","3087866","DD1357","229","56.2","2026-04-13","491","13.83","0.24","0","3","1.20","","8","-1.10"
"16","3087866","DD1357","230","55.3","2026-04-14","485","","","0","2","1.21","","3","-1.54"
"34","3086177","DD1364","61","55.8","2026-04-13","527","17.02","0.33","1","2","1.27","","0","-8.82"
"34","3086177","DD1364","62","56.9","2026-04-14","466","","","0","2","1.26","","0","-6.39"
"76","3087596","DD1349","465","59.7","2026-04-13","480","15.30","0.23","0","3","1.50","","5","-1.98"
"76","3087596","DD1349","466","58.4","2026-04-14","493","","","0","2","1.47","","6","-2.87"
"42","3087165","DD1262","149","34.0","2026-04-13","465","12.74","0.18","0","3","1.33","","5","10.14"
"42","3087165","DD1262","150","32.2","2026-04-14","499","","","0","1","1.34","","4","6.17"
"111","3086497","DD1402","359","67.5","2026-04-13","558","16.43","0.25","0","4","1.33","","7","-3.31"
"111","3086497","DD1402","360","68.6","2026-04-14","494","","","0","2","1.33","","5","-1.10"
"80","3086149","DD1406","334","58.6","2026-04-13","437","15.30","0.24","0","4","1.37","","13","-1.32"
"80","3086149","DD1406","335","58.9","2026-04-14","472","","","0","2","1.36","","9","-0.44"
"205","5925505","DD1413","262","49.8","2026-04-13","502","13.54","0.22","0","3","1.37","","4","-1.32"
"205","5925505","DD1413","263","47.6","2026-04-14","502","","","0","2","1.35","","9","-2.87"
"101","3087282","DD1272","242","80.9","2026-04-13","395","17.50","0.42","0","4","1.30","","4","-4.85"
"101","3087282","DD1272","243","80.7","2026-04-14","428","","","0","3","1.31","","1","-4.85"
"246","3086605","DD1411","453","","2026-04-13","512","","","","","","","",""
"246","3086605","DD1411","454","","2026-04-14","523","","","","","","","",""
"57","3087322","DD1285","139","67.5","2026-04-13","562","13.26","1.71","0","2","1.29","","0","-7.94"
"57","3087322","DD1285","140","68.3","2026-04-14","542","","","0","2","1.32","","1","-6.39"
"132","3087361","DD1311","473","","2026-04-13","366","","","","","","","",""
"132","3087361","DD1311","474","","2026-04-14","367","","","","","","","",""
"173","3542711","DD1321","28","82.0","2026-04-13","641","17.08","0.40","1","3","1.12","","0","-5.51"
"173","3542711","DD1321","29","84.9","2026-04-14","651","","","0","2","1.14","","0","-1.76"
"63","3086272","DD1423","333","54.7","2026-04-13","441","14.11","0.22","0","3","1.41","","3","-1.54"
"63","3086272","DD1423","334","55.8","2026-04-14","474","","","0","2","1.41","","3","-0.22"
"29","3086671","DD1595","293","51.1","2026-04-13","402","10.18","0.15","0","2","1.22","","3","-3.09"
"29","3086671","DD1595","294","51.1","2026-04-14","441","","","0","2","1.10","","3","-2.20"
"93","3086243","DD1425","341","72.8","2026-04-13","441","11.37","0.17","0","3","1.27","","5","0.22"
"93","3086243","DD1425","342","66.4","2026-04-14","482","","","0","3","1.31","","6","-5.51"
"149","3087997","DD1416","333","55.8","2026-04-13","563","13.54","0.27","0","3","1.39","","6","-3.31"
"149","3087997","DD1416","334","56.4","2026-04-14","543","","","0","2","1.37","","1","-1.98"
"83","6641288","DD1426","216","86.6","2026-04-13","574","17.26","0.34","0","5","1.23","","9","-2.65"
"83","6641288","DD1426","217","82.7","2026-04-14","554","","","0","3","1.19","","20","-5.73"
"46","3351614","DD1415","237","84.4","2026-04-13","522","17.20","0.36","0","5","1.16","","4","-1.98"
"46","3351614","DD1415","238","82.0","2026-04-14","565","","","0","3","1.14","","0","-3.75"
"21","3087503","DD1420","290","76.9","2026-04-13","413","16.07","0.37","0","3","1.36","","1","-3.97"
"21","3087503","DD1420","291","70.3","2026-04-14","480","","","0","3","1.44","","1","-9.04"
"190","3353629","US DD1432","210","59.1","2026-04-13","501","12.98","0.24","0","3","1.46","","5","-1.32"
"190","3353629","US DD1432","211","54.0","2026-04-14","499","","","0","3","1.42","","5","-5.73"
"92","3087516","DD1433","190","75.6","2026-04-13","481","18.75","0.31","0","3","1.15","","0","-9.04"
"92","3087516","DD1433","191","78.5","2026-04-14","502","","","0","3","1.20","","0","-4.41"
"78","3087494","DD1435","76","85.1","2026-04-13","656","16.55","0.28","0","3","1.13","","0","-8.82"
"78","3087494","DD1435","77","87.1","2026-04-14","564","","","0","2","1.12","","1","-5.07"
"103","3087255","DD1438","28","111.6","2026-04-13","595","20.06","0.46","0","4","1.13","","0","6.39"
"103","3087255","DD1438","29","108.2","2026-04-14","537","","","0","2","1.19","","0","2.43"
"62","3087292","US DD1627","198","85.3","2026-04-13","548","17.50","0.39","0","5","1.40","","19","-4.63"
"62","3087292","US DD1627","199","85.3","2026-04-14","541","","","0","3","1.38","","16","-3.53"
"211","6641911","DD1440","349","72.8","2026-04-13","430","16.65","0.30","0","4","1.37","","14","-9.92"
"211","6641911","DD1440","350","71.6","2026-04-14","481","","","0","2","1.36","","4","-9.26"
"271","6642304","DD1441","163","53.8","2026-04-13","435","11.90","1.55","0","2","1.36","","0","-11.90"
"271","6642304","DD1441","164","55.1","2026-04-14","511","","","0","1","1.40","","0","-9.04"
"115","3087667","DD1442","10","65.9","2026-04-13","427","17.86","0.51","0","4","1.03","","1","2.20"
"115","3087667","DD1442","11","65.5","2026-04-14","503","","","0","2","1.08","","1","0.88"
"123","3086581","DD1443","316","45.2","2026-04-13","524","15.45","0.50","0","3","1.53","","3","-1.76"
"123","3086581","DD1443","317","45.2","2026-04-14","567","","","0","1","1.56","","1","-1.32"
"1063","","DD1444","","","2026-04-13","","","","","","","","",""
"1063","","DD1444","","","2026-04-14","","","","","","","","",""
"139","3087241","DD1445","246","52.2","2026-04-13","575","10.58","0.44","0","2","1.06","","2","-5.73"
"139","3087241","DD1445","247","53.1","2026-04-14","530","","","0","2","1.08","","4","-3.97"
"268","6641401","DD1446","304","67.9","2026-04-13","481","13.69","0.28","0","4","1.18","","14","-8.60"
"268","6641401","DD1446","305","69.0","2026-04-14","556","","","0","4","1.19","","13","-6.17"
"71","3087258","DD1447","375","77.6","2026-04-13","511","17.44","0.38","0","5","1.44","","24","-11.68"
"71","3087258","DD1447","376","78.0","2026-04-14","495","","","0","4","1.40","","11","-9.70"
"6","3087355","DD1449","329","87.5","2026-04-13","504","16.43","0.26","0","3","1.22","","8","-5.07"
"6","3087355","DD1449","330","81.3","2026-04-14","525","","","0","3","1.26","","5","-9.70"
"56","3086452","DD1453","232","44.1","2026-04-13","563","11.67","2.99","0","2","1.40","","0","-6.83"
"56","3086452","DD1453","233","45.6","2026-04-14","555","","","0","1","1.43","","0","-3.97"
"222","6632589","DD1455","241","77.2","2026-04-13","581","16.79","0.34","0","4","1.52","","3","-4.63"
"222","6632589","DD1455","242","77.6","2026-04-14","592","","","0","3","1.49","","5","-2.87"
"73","3542905","DD1328","202","69.4","2026-04-13","514","18.21","0.26","0","4","1.39","","6","-2.65"
"73","3542905","DD1328","203","71.0","2026-04-14","554","","","0","3","1.31","","4","0.00"
"1081","","DD1459","","","2026-04-13","","","","","","","","",""
"1081","","DD1459","","","2026-04-14","","","","","","","","",""
"14","3087979","DD1332","206","69.7","2026-04-13","540","13.21","0.40","1","3","0.98","","1","-3.53"
"14","3087979","DD1332","207","69.9","2026-04-14","564","","","0","3","1.09","","5","-2.87"
"118","3087755","US DD1456","335","82.0","2026-04-13","483","17.68","0.39","0","5","1.30","","20","-6.39"
"118","3087755","US DD1456","336","82.7","2026-04-14","493","","","1","3","1.31","","9","-4.41"
"45","3086129","DD1462","338","","2026-04-13","425","","","","","","","",""
"45","3086129","DD1462","339","","2026-04-14","468","","","","","","","",""
"269","6642024","DD1463","6","41.0","2026-04-13","451","8.45","4.33","0","2","1.26","","0","-0.22"
"269","6642024","DD1463","7","43.7","2026-04-14","411","","","0","1","1.23","","0","-0.88"
"143","3183515","DD1467","242","77.8","2026-04-13","507","15.89","0.34","0","4","1.41","","7","-6.39"
"143","3183515","DD1467","243","78.9","2026-04-14","543","","","0","4","1.39","","6","-4.41"
"199","6633146","DD1470","210","93.7","2026-04-13","466","15.18","0.25","0","3","1.19","","0","-7.28"
"199","6633146","DD1470","211","90.8","2026-04-14","546","","","0","3","1.21","","2","-8.60"
"23","3087231","DD1471","370","44.3","2026-04-13","538","11.78","0.14","0","2","1.50","","6","-12.35"
"23","3087231","DD1471","371","44.8","2026-04-14","619","","","0","2","1.50","","2","-9.48"
"69","3087141","DD1473","326","81.1","2026-04-13","511","16.90","0.26","0","4","1.23","","2","-7.72"
"69","3087141","DD1473","327","80.5","2026-04-14","385","","","0","3","1.25","","2","-7.28"
"127","3086217","DD1474","208","51.6","2026-04-13","398","12.62","0.31","1","2","1.27","","0","-5.29"
"127","3086217","DD1474","209","54.9","2026-04-14","433","","","0","2","1.28","","0","-1.54"
"94","3087594","DD1476","199","69.4","2026-04-13","551","14.64","0.26","0","3","1.11","","1","-2.65"
"94","3087594","DD1476","200","73.9","2026-04-14","503","","","0","2","1.09","","0","1.98"
"26","3087118","DD1478","248","67.9","2026-04-13","540","16.19","0.20","0","3","1.30","","0","-23.15"
"26","3087118","DD1478","249","65.3","2026-04-14","468","","","0","3","1.34","","1","-22.27"
"108","3542732","DD1479","240","86.4","2026-04-13","500","16.90","0.29","0","4","1.43","","2","-4.19"
"108","3542732","DD1479","241","84.4","2026-04-14","533","","","0","3","1.39","","4","-4.85"
"202","3087167","DD1480","107","77.6","2026-04-13","535","15.36","0.20","0","3","1.30","","0","-0.88"
"202","3087167","DD1480","108","75.2","2026-04-14","521","","","0","3","1.24","","0","-1.54"
"162","5926949","DD1482","211","65.9","2026-04-13","510","13.04","0.47","1","3","1.22","","1","-4.19"
"162","5926949","DD1482","212","71.0","2026-04-14","572","","","0","3","1.28","","1","1.54"
"152","3353711","DD1484","91","81.8","2026-04-13","545","18.48","0.27","0","3","1.62","","0","-14.11"
"152","3353711","DD1484","92","84.2","2026-04-14","531","","","0","2","1.69","","0","-10.14"
"1108","","DD1485","","","2026-04-13","","","","","","","","",""
"1108","","DD1485","","","2026-04-14","","","","","","","","",""
"124","3087250","DD1486","224","65.3","2026-04-13","422","12.56","0.17","0","3","1.36","","2","-3.97"
"124","3087250","DD1486","225","67.2","2026-04-14","428","","","0","3","1.30","","3","-1.10"
"98","3087882","DD1487","117","99.9","2026-04-13","567","17.92","0.32","0","3","1.26","","0","-8.60"
"98","3087882","DD1487","118","95.0","2026-04-14","584","","","0","3","1.27","","0","-11.24"
"49","3086283","DD1488","370","","2026-04-13","480","","","","","","","",""
"49","3086283","DD1488","0","17.2","2026-04-14","331","","","0","1","1.16","","0","0.00"
"31","3087281","DD1394","111","80.2","2026-04-13","405","19.52","0.48","0","5","1.25","","7","-7.05"
"31","3087281","DD1394","112","78.9","2026-04-14","428","","","0","4","1.09","","6","-7.28"
"142","3086184","DD1376","539","","2026-04-13","568","","","","","","","",""
"142","3086184","DD1376","540","","2026-04-14","583","","","","","","","",""
"97","3088051","DD1373","484","0.0","2026-04-13","175","","","0","0","","","8","0.00"
"97","3088051","DD1373","485","0.0","2026-04-14","363","","","0","0","","","1","0.00"
"40","3087510","DD1397","141","86.4","2026-04-13","535","16.90","0.27","0","3","1.16","","1","-0.22"
"40","3087510","DD1397","142","86.2","2026-04-14","476","","","1","2","1.15","","1","0.22"
"116","3086998","DD1407","380","","2026-04-13","532","","","","","","","",""
"116","3086998","DD1407","381","","2026-04-14","561","","","","","","","",""
"35","3087215","DD1400","385","","2026-04-13","528","","","","","","","",""
"35","3087215","DD1400","386","","2026-04-14","590","","","","","","","",""
"133","3087396","DD1374","234","63.9","2026-04-13","490","17.56","0.28","0","3","1.27","","0","0.00"
"133","3087396","DD1374","235","64.4","2026-04-14","555","","","0","2","1.21","","2","1.10"
"28","3087460","DD1380","162","54.0","2026-04-13","441","12.62","0.16","0","3","1.34","","3","-2.43"
"28","3087460","DD1380","163","54.5","2026-04-14","477","","","0","2","1.31","","4","-1.32"
"91","3087334","US DD1396","460","51.1","2026-04-13","416","12.74","0.26","0","3","1.42","","22","-5.95"
"91","3087334","US DD1396","461","50.7","2026-04-14","452","","","0","3","1.42","","16","-5.51"
"151","3086706","DD1489","","","2026-04-13","362","","","","","","","",""
"151","3086706","DD1489","","","2026-04-14","392","","","","","","","",""
"24","3086116","DD1490","129","75.6","2026-04-13","508","16.01","0.32","0","4","1.20","","2","-7.50"
"24","3086116","DD1490","130","74.5","2026-04-14","566","","","0","2","1.17","","1","-6.61"
"95","3086498","DD1493","285","55.1","2026-04-13","529","11.85","3.43","0","2","1.51","","2","-6.17"
"95","3086498","DD1493","286","53.6","2026-04-14","483","","","0","2","1.56","","2","-6.17"
"32","3087545","DD1494","112","93.3","2026-04-13","473","18.39","0.36","0","4","1.14","","2","-9.48"
"32","3087545","DD1494","113","92.4","2026-04-14","505","","","0","3","1.16","","7","-8.82"
"47","3087308","DD1495","51","121.3","2026-04-13","507","20.00","0.59","0","5","0.98","","37","-13.23"
"47","3087308","DD1495","52","120.1","2026-04-14","604","","","0","4","1.01","","42","-12.35"
"234","6635136","DD1496","202","79.8","2026-04-13","441","15.24","0.32","0","4","1.19","","10","-3.97"
"234","6635136","DD1496","203","77.8","2026-04-14","468","","","0","3","1.19","","14","-5.07"
"250","6635110","DD1500","250","48.3","2026-04-13","570","14.32","0.27","0","3","1.47","","1","-2.87"
"250","6635110","DD1500","251","46.5","2026-04-14","599","","","0","2","1.47","","2","-4.19"
"72","3087950","DD1501","61","78.3","2026-04-13","498","12.80","0.23","0","2","1.00","","0","-9.04"
"72","3087950","DD1501","62","81.8","2026-04-14","465","","","0","2","1.00","","0","-4.41"
"125","3087179","DD1502","351","37.0","2026-04-13","516","9.81","0.13","0","2","1.35","","0","-1.54"
"125","3087179","DD1502","352","34.8","2026-04-14","485","","","0","1","1.35","","2","-3.31"
"50","3086511","DD1503","271","57.1","2026-04-13","570","13.62","0.19","0","3","1.34","","2","-5.07"
"50","3086511","DD1503","272","55.8","2026-04-14","535","","","0","2","1.32","","2","-5.51"
"77","3086851","DD1365","53","65.0","2026-04-13","513","15.60","0.24","0","3","1.54","","2","0.22"
"77","3086851","DD1365","54","66.1","2026-04-14","487","","","0","2","1.54","","1","1.10"
"172","3351267","DD1505","249","48.1","2026-04-13","430","11.57","0.19","0","2","1.28","","0","-6.61"
"172","3351267","DD1505","250","47.0","2026-04-14","447","","","0","2","1.30","","0","-5.95"
"220","6633304","DD1506","423","","2026-04-13","420","","","","","","","",""
"220","6633304","DD1506","424","","2026-04-14","390","","","","","","","",""
"213","6635043","DD1507","271","64.4","2026-04-13","572","14.46","0.25","0","3","1.36","","9","-3.31"
"213","6635043","DD1507","272","57.5","2026-04-14","577","","","1","1","1.32","","2","-9.04"
"53","3086247","DD1508","277","82.7","2026-04-13","466","16.90","0.29","0","4","1.17","","1","0.88"
"53","3086247","DD1508","278","81.1","2026-04-14","531","","","0","3","1.15","","2","-0.44"
"55","3183487","DD1510","285","37.9","2026-04-13","340","10.86","0.15","1","2","1.23","","2","-3.09"
"55","3183487","DD1510","286","37.9","2026-04-14","387","","","0","2","1.24","","1","-2.65"
"214","6635135","DD1511","303","59.5","2026-04-13","523","10.72","0.15","0","2","1.33","","17","-3.97"
"214","6635135","DD1511","304","55.3","2026-04-14","467","","","0","3","1.29","","13","-6.83"
"1141","","DD1512","","","2026-04-13","","","","","","","","",""
"1141","","DD1512","","","2026-04-14","","","","","","","","",""
"183","3087417","DD1513","273","72.5","2026-04-13","440","17.50","0.32","0","4","1.33","","7","-6.83"
"183","3087417","DD1513","274","70.5","2026-04-14","456","","","0","3","1.34","","5","-7.28"
"41","3087391","DD1514","281","71.6","2026-04-13","486","12.49","0.23","0","3","1.27","","4","-4.63"
"41","3087391","DD1514","282","71.0","2026-04-14","517","","","0","3","1.26","","3","-4.41"
"808","3087269","DD1521","242","57.1","2026-04-13","473","13.26","0.20","0","3","1.34","","4","-5.29"
"808","3087269","DD1521","243","54.9","2026-04-14","485","","","0","2","1.31","","1","-6.17"
"87","3087609","DD1522","302","55.1","2026-04-13","502","4.87","0.08","0","2","1.68","","22","-9.26"
"87","3087609","DD1522","303","55.8","2026-04-14","542","","","0","1","1.64","","17","-7.50"
"82","3087220","DD1523","287","38.8","2026-04-13","535","10.86","1.16","0","2","1.47","","0","2.65"
"82","3087220","DD1523","288","35.1","2026-04-14","549","","","0","1","1.42","","0","0.00"
"803","5927959","DD1524","262","56.7","2026-04-13","555","14.46","0.20","0","3","1.28","","1","0.44"
"803","5927959","DD1524","263","56.9","2026-04-14","540","","","0","2","1.27","","1","0.66"
"140","3352078","DD1525","259","51.4","2026-04-13","436","13.40","0.23","0","3","1.35","","17","-1.10"
"140","3352078","DD1525","260","51.6","2026-04-14","402","","","0","2","1.36","","12","-0.44"
"158","3087680","DD1528","275","58.2","2026-04-13","510","13.62","0.25","0","3","1.18","","9","-3.09"
"158","3087680","DD1528","276","55.8","2026-04-14","486","","","0","2","1.09","","4","-4.41"
"1157","","DD1529","","","2026-04-13","","","","","","","","",""
"1157","","DD1529","","","2026-04-14","","","","","","","","",""
"206","3543433","DD1530","262","47.6","2026-04-13","487","12.86","0.24","1","2","1.50","","1","-3.09"
"206","3543433","DD1530","263","48.3","2026-04-14","540","","","0","2","1.54","","1","-1.32"
"1162","","DD1533","","","2026-04-13","","","","","","","","",""
"1162","","DD1533","","","2026-04-14","","","","","","","","",""
"804","3087379","US DD1393","415","35.9","2026-04-13","359","10.30","0.12","0","3","1.26","","9","0.22"
"804","3087379","US DD1393","416","30.0","2026-04-14","376","","","0","2","1.31","","4","-5.07"
"48","3087565","DD1534","246","54.2","2026-04-13","468","13.90","0.20","0","3","1.26","","9","-4.19"
"48","3087565","DD1534","247","53.8","2026-04-14","416","","","0","2","1.25","","10","-3.75"
"148","3087735","DD1535","286","69.7","2026-04-13","531","11.85","0.21","0","3","1.27","","7","1.10"
"148","3087735","DD1535","287","66.1","2026-04-14","465","","","0","3","1.23","","3","-1.54"
"262","6634652","DD1537","291","51.8","2026-04-13","421","11.50","0.85","0","2","1.34","","1","-2.65"
"262","6634652","DD1537","292","50.7","2026-04-14","455","","","0","2","1.33","","0","-3.09"
"1169","","DD1539","","","2026-04-13","","","","","","","","",""
"1169","","DD1539","","","2026-04-14","","","","","","","","",""
"134","3087229","DD1540","163","59.3","2026-04-13","475","16.01","0.38","0","4","1.23","","3","-3.09"
"134","3087229","DD1540","164","59.7","2026-04-14","453","","","0","2","1.23","","6","-1.98"
"7","3087274","DD1542","278","45.4","2026-04-13","528","11.92","0.12","0","2","1.72","","0","-3.53"
"7","3087274","DD1542","279","45.2","2026-04-14","557","","","0","2","1.70","","1","-3.31"
"207","3086128","DD1543","265","53.4","2026-04-13","605","13.97","0.17","1","2","1.15","","5","-10.80"
"207","3086128","DD1543","266","49.4","2026-04-14","565","","","0","3","1.17","","1","-13.23"
"1174","","DD1544","","","2026-04-13","","","","","","","","",""
"1174","","DD1544","","","2026-04-14","","","","","","","","",""
"15","3087121","DD1546","286","46.5","2026-04-13","459","11.64","0.17","0","2","1.39","","5","-3.97"
"15","3087121","DD1546","287","46.7","2026-04-14","416","","","0","3","1.39","","4","-3.09"
"135","3086678","DD1547","456","","2026-04-13","531","","","","","","","",""
"135","3086678","DD1547","457","","2026-04-14","488","","","","","","","",""
"159","3087807","DD1548","299","71.4","2026-04-13","463","16.72","0.30","0","4","1.42","","19","-4.85"
"159","3087807","DD1548","300","69.4","2026-04-14","492","","","0","2","1.42","","2","-5.51"
"61","3086148","DD1550","266","50.3","2026-04-13","467","13.69","0.22","0","3","1.38","","9","-3.09"
"61","3086148","DD1550","267","49.6","2026-04-14","501","","","0","2","1.36","","17","-2.87"
"155","3086104","DD1551","296","48.1","2026-04-13","492","8.25","0.16","0","2","1.20","","23","-2.20"
"155","3086104","DD1551","297","47.0","2026-04-14","387","","","0","3","1.20","","11","-2.20"
"1183","","DD1553","","","2026-04-13","","","","","","","","",""
"1183","","DD1553","","","2026-04-14","","","","","","","","",""
"1184","","US DD1554","","","2026-04-13","","","","","","","","",""
"1184","","US DD1554","","","2026-04-14","","","","","","","","",""
"106","3087159","US DD1556","","","2026-04-13","213","","","","","","","",""
"106","3087159","US DD1556","","","2026-04-14","229","","","","","","","",""
"20","3086114","DD1558","153","51.1","2026-04-13","501","10.37","0.21","0","2","1.26","","3","-0.44"
"20","3086114","DD1558","154","50.7","2026-04-14","525","","","0","2","1.21","","1","-0.66"
"74","3087864","US DD1559","266","56.7","2026-04-13","546","13.90","0.19","0","3","1.41","","5","1.10"
"74","3087864","US DD1559","267","57.3","2026-04-14","517","","","0","2","1.39","","5","1.10"
"264","6633230","US DD1560","279","47.6","2026-04-13","496","9.45","0.11","0","2","1.38","","1","-0.66"
"264","6633230","US DD1560","280","46.7","2026-04-14","508","","","0","2","1.35","","0","-1.10"
"165","5925519","US DD1563","291","54.2","2026-04-13","566","10.79","0.12","0","2","1.28","","4","1.32"
"165","5925519","US DD1563","292","52.7","2026-04-14","567","","","0","2","1.27","","3","-0.22"
"186","3087125","US DD1564","253","65.9","2026-04-13","579","14.60","0.20","0","3","1.28","","8","-7.28"
"186","3087125","US DD1564","254","60.8","2026-04-14","535","","","0","3","1.32","","1","-10.58"
"84","3086109","US DD1565","257","80.7","2026-04-13","449","14.74","0.22","0","3","1.14","","11","-7.94"
"84","3086109","US DD1565","258","75.6","2026-04-14","514","","","0","3","1.22","","12","-11.02"
"25","3087364","US DD1567","284","28.4","2026-04-13","329","7.55","0.11","0","2","1.36","","8","-2.43"
"25","3087364","US DD1567","285","29.1","2026-04-14","316","","","0","2","1.37","","3","-0.88"
"168","3183540","US DD1568","260","82.7","2026-04-13","534","15.60","0.37","0","4","1.12","","12","-0.88"
"168","3183540","US DD1568","261","83.8","2026-04-14","521","","","0","3","1.14","","9","1.32"
"1200","","US DD1569","","","2026-04-13","","","","","","","","",""
"1200","","US DD1569","","","2026-04-14","","","","","","","","",""
"1201","","US DD1570","","","2026-04-13","","","","","","","","",""
"1201","","US DD1570","","","2026-04-14","","","","","","","","",""
"10","3086174","US DD1571","272","53.8","2026-04-13","527","5.50","0.06","0","2","1.33","","3","-5.07"
"10","3086174","US DD1571","273","53.1","2026-04-14","542","","","0","1","1.30","","11","-3.97"
"345","3184368","US DD1572","20","47.6","2026-04-13","582","12.35","0.28","3","2","1.23","","5","6.39"
"345","3184368","US DD1572","21","62.8","2026-04-14","515","","","5","2","1.08","","5","20.28"
"263","6634659","US DD1573","157","31.3","2026-04-13","397","13.97","0.19","2","2","1.26","","0","-4.19"
"263","6634659","US DD1573","158","28.4","2026-04-14","277","","","0","1","1.25","","0","-5.95"
"99","3352005","US DD1585","249","54.2","2026-04-13","530","15.38","0.23","0","3","1.33","","4","-2.43"
"99","3352005","US DD1585","250","52.5","2026-04-14","515","","","0","2","1.30","","2","-3.31"
"185","3087303","US DD1586","245","45.2","2026-04-13","544","17.35","0.31","2","2","1.16","","2","-10.14"
"185","3087303","US DD1586","246","45.2","2026-04-14","558","","","2","0","1.07","","0","-8.38"
"1219","","US DD1589","","","2026-04-13","","","","","","","","",""
"1219","","US DD1589","","","2026-04-14","","","","","","","","",""
"1220","","US DD1590","","","2026-04-13","","","","","","","","",""
"1220","","US DD1590","","","2026-04-14","","","","","","","","",""
"1222","","US DD1600","","","2026-04-13","","","","","","","","",""
"1222","","US DD1600","","","2026-04-14","","","","","","","","",""
"1223","","US DD1601","","","2026-04-13","","","","","","","","",""
"1223","","US DD1601","","","2026-04-14","","","","","","","","",""
"90","3087156","DD1599","13","53.8","2026-04-13","607","12.56","0.16","0","3","1.06","","6","4.63"
"90","3087156","DD1599","14","56.2","2026-04-14","595","","","1","2","1.00","","8","5.07"
"13","3086569","US DD1602","222","51.6","2026-04-13","533","15.30","0.30","1","3","1.20","","5","-5.95"
"13","3086569","US DD1602","223","53.4","2026-04-14","486","","","0","2","1.25","","9","-3.09"
"255","6635055","US DD1603","145","60.4","2026-04-13","559","14.96","0.23","0","3","1.36","","0","-5.29"
"255","6635055","US DD1603","146","59.7","2026-04-14","620","","","0","2","1.28","","1","-5.07"
"147","3086154","US DD1604","619","32.6","2026-04-13","520","10.12","1.46","0","2","1.08","","1","-3.53"
"147","3086154","US DD1604","620","31.7","2026-04-14","508","","","0","2","1.03","","3","-3.97"
"1226","","US DD1605","","","2026-04-13","","","","","","","","",""
"1226","","US DD1605","","","2026-04-14","","","","","","","","",""
"156","3085889","US DD1607","240","72.1","2026-04-13","508","15.71","0.29","1","3","1.25","","7","-6.17"
"156","3085889","US DD1607","241","79.8","2026-04-14","538","","","0","3","1.28","","3","1.54"
"88","3087586","US DD1608","19","58.4","2026-04-13","465","12.84","0.34","0","4","1.20","","16","0.88"
"88","3087586","US DD1608","20","58.0","2026-04-14","436","","","0","3","1.22","","3","-0.88"
"86","3087212","US DD1610","290","44.8","2026-04-13","544","6.00","0.05","0","2","1.27","","6","-3.09"
"86","3087212","US DD1610","291","44.8","2026-04-14","502","","","0","1","1.27","","3","-2.43"
"109","3353222","US DD1611","253","48.7","2026-04-13","598","11.29","0.13","0","2","1.30","","2","-3.75"
"109","3353222","US DD1611","254","49.6","2026-04-14","544","","","0","2","1.26","","4","-2.20"
"1230","","US DD1614","","","2026-04-13","","","","","","","","",""
"1230","","US DD1614","","","2026-04-14","","","","","","","","",""
"252","6641942","US DD1617","19","72.8","2026-04-13","529","14.11","0.30","0","4","1.05","","2","3.97"
"252","6641942","US DD1617","20","73.4","2026-04-14","551","","","0","3","1.05","","1","4.19"
"1234","","US DD1619","","","2026-04-13","","","","","","","","",""
"1234","","US DD1619","","","2026-04-14","","","","","","","","",""
"1236","","US DD1621","","","2026-04-13","","","","","","","","",""
"1236","","US DD1621","","","2026-04-14","","","","","","","","",""
"1237","","US DD1622","","","2026-04-13","","","","","","","","",""
"1237","","US DD1622","","","2026-04-14","","","","","","","","",""
"1238","","US DD1623","","","2026-04-13","","","","","","","","",""
"1238","","US DD1623","","","2026-04-14","","","","","","","","",""
"64","3087236","US DD1624","9","5.5","2026-04-13","483","6.84","2.81","2","0","1.52","","0","-13.01"
"64","3087236","US DD1624","10","19.0","2026-04-14","480","","","9","1","1.60","","0","2.87"
"346","3183472","US DD1625","23","64.8","2026-04-13","575","15.87","0.34","2","3","0.95","","0","8.16"
"346","3183472","US DD1625","24","64.8","2026-04-14","486","","","4","0","0.95","","0","2.87"
"1242","","US DD1630","","","2026-04-13","","","","","","","","",""
"1242","","US DD1630","","","2026-04-14","","","","","","","","",""
"1243","","US DD1629","","","2026-04-13","","","","","","","","",""
"1243","","US DD1629","","","2026-04-14","","","","","","","","",""
"1245","","US DD1633","","","2026-04-13","","","","","","","","",""
"1245","","US DD1633","","","2026-04-14","","","","","","","","",""
"204","5925507","US DD1634","14","65.7","2026-04-13","516","16.30","0.24","0","4","0.96","","1","5.73"
"204","5925507","US DD1634","15","65.0","2026-04-14","588","","","0","2","0.97","","1","3.75"
"1247","","US DD1635","","","2026-04-13","","","","","","","","",""
"1247","","US DD1635","","","2026-04-14","","","","","","","","",""
"1248","","US DD1636","","","2026-04-13","","","","","","","","",""
"1248","","US DD1636","","","2026-04-14","","","","","","","","",""
"1249","","US DD1637","","","2026-04-13","","","","","","","","",""
"1249","","US DD1637","","","2026-04-14","","","","","","","","",""
"1250","","US DD1638","","","2026-04-13","","","","","","","","",""
"1250","","US DD1638","","","2026-04-14","","","","","","","","",""
"1251","","US DD1639","","","2026-04-13","","","","","","","","",""
"1251","","US DD1639","","","2026-04-14","","","","","","","","",""
"60","3087116","US DD1640","14","37.0","2026-04-13","666","13.12","0.38","7","1","1.37","","4","0.22"
"60","3087116","US DD1640","15","36.8","2026-04-14","582","","","3","1","1.23","","1","0.88"
"1253","","US DD1641","","","2026-04-13","","","","","","","","",""
"1253","","US DD1641","","","2026-04-14","","","","","","","","",""
"30","3087392","US DD1646","2","36.2","2026-04-13","420","4.40","0.84","0","2","0.85","","0","2.87"
"30","3087392","US DD1646","3","38.1","2026-04-14","400","","","4","1","0.81","","0","0.88"
"216","6634679","US DD1642","234","76.9","2026-04-13","545","15.52","0.23","0","3","1.24","","3","3.09"
"216","6634679","US DD1642","235","78.7","2026-04-14","522","","","0","2","1.23","","4","4.41"
"1256","","US DD1647","","","2026-04-13","","","","","","","","",""
"1256","","US DD1647","","","2026-04-14","","","","","","","","",""
"257","6634640","US DD1648","5","21.4","2026-04-13","488","6.63","0.42","1","1","1.03","","0","0.66"
"257","6634640","US DD1648","6","21.4","2026-04-14","456","","","0","2","1.05","","3","0.00"
"247","6641939","US DD1649","20","67.5","2026-04-13","441","12.84","0.27","0","4","1.15","","30","3.53"
"247","6641939","US DD1649","21","65.5","2026-04-14","495","","","0","3","1.14","","8","1.54"
"265","6641319","US DD1650","20","65.9","2026-04-13","506","15.87","0.34","0","4","1.07","","8","-2.43"
"265","6641319","US DD1650","21","67.2","2026-04-14","502","","","0","3","1.12","","3","-0.88"
"137","3087194","US DD1652","16","51.6","2026-04-13","557","12.91","0.18","0","2","0.95","","1","3.75"
"137","3087194","US DD1652","17","51.1","2026-04-14","602","","","0","1","0.94","","0","2.20"
"1261","","US DD1653","14","","2026-04-13","","","","","","","","",""
"1261","","US DD1653","15","","2026-04-14","","","","","","","","",""
"27","3087387","US DD1655","10","","2026-04-13","376","0.00","12.85","","","","","",""
"27","3087387","US DD1655","11","23.8","2026-04-14","397","","","0","2","1.28","","0","0.00"
"2","3086479","US DD1654","24","58.0","2026-04-13","554","12.98","0.68","0","2","1.03","","0","0.00"
"2","3086479","US DD1654","25","58.9","2026-04-14","564","","","0","1","1.01","","0","1.54"
"1264","","US DD1656","","","2026-04-13","","","","","","","","",""
"1264","","US DD1656","","","2026-04-14","","","","","","","","",""
"17","3086731","US DD1660","338","80.2","2026-04-13","465","15.83","0.26","0","3","1.22","","0","-1.10"
"17","3086731","US DD1660","339","77.6","2026-04-14","459","","","0","2","1.25","","0","-2.87"
"39","6642027","US DD1662","489","","2026-04-13","391","","","","","","","",""
"39","6642027","US DD1662","490","","2026-04-14","338","","","","","","","",""
"203","5926241","US DD1671","94","89.9","2026-04-13","678","6.70","6.15","0","1","1.04","","0","-21.60"
"203","5926241","US DD1671","95","91.0","2026-04-14","634","","","0","1","1.04","","0","-17.86"
"1266","","US DD1672","","","2026-04-13","","","","","","","","",""
"1266","","US DD1672","","","2026-04-14","","","","","","","","",""
"746","3351299","US DD1674","22","72.1","2026-04-13","574","15.59","0.27","0","4","1.15","","1","0.66"
"746","3351299","US DD1674","23","73.2","2026-04-14","609","","","0","3","1.14","","1","1.54"
"43","3086557","US DD1675","54","83.3","2026-04-13","559","17.26","0.33","0","4","1.21","","9","8.16"
"43","3086557","US DD1675","55","85.3","2026-04-14","602","","","0","3","1.18","","13","11.46"
"1268","","US DD1676","","","2026-04-13","","","","","","","","",""
"1268","","US DD1676","","","2026-04-14","","","","","","","","",""
"1269","","US DD1677","","","2026-04-13","","","","","","","","",""
"1269","","US DD1677","","","2026-04-14","","","","","","","","",""
"1270","","US DD1679","","","2026-04-13","","","","","","","","",""
"1270","","US DD1679","","","2026-04-14","","","","","","","","",""
"1271","","US DD1680","","","2026-04-13","","","","","","","","",""
"1271","","US DD1680","","","2026-04-14","","","","","","","","",""
"193","6635122","US DD1687","242","65.7","2026-04-13","488","16.37","0.28","0","4","1.61","","6","-4.63"
"193","6635122","US DD1687","243","65.0","2026-04-14","450","","","0","3","1.63","","11","-4.41"
"188","6632868","US DD1683","525","","2026-04-13","464","","","","","","","",""
"188","6632868","US DD1683","526","","2026-04-14","480","","","","","","","",""
"568","3184472","US DD1699","62","79.6","2026-04-13","441","15.95","0.34","0","4","1.20","","0","-4.63"
"568","3184472","US DD1699","63","80.7","2026-04-14","532","","","0","2","1.14","","4","-1.76"
"212","6635120","US DD1693","344","","2026-04-13","539","","","","","","","",""
"212","6635120","US DD1693","345","","2026-04-14","560","","","","","","","",""
"208","6633192","US DD1689","132","88.6","2026-04-13","524","16.96","0.38","1","4","1.17","","13","-6.83"
"208","6633192","US DD1689","133","95.5","2026-04-14","417","","","0","4","1.21","","14","1.32"
"192","3543451","US DD1686","246","41.4","2026-04-13","442","11.90","0.16","0","3","1.44","","8","-6.17"
"192","3543451","US DD1686","247","43.9","2026-04-14","491","","","0","2","1.40","","9","-2.87"
"210","6632735","US DD1691","406","57.1","2026-04-13","529","16.55","0.39","2","3","1.36","","13","-9.26"
"210","6632735","US DD1691","407","55.1","2026-04-14","553","","","0","2","1.27","","4","-9.70"
"131","3087351","US DD1696","39","94.6","2026-04-13","604","17.28","0.24","0","4","1.13","","0","-11.90"
"131","3087351","US DD1696","40","91.3","2026-04-14","574","","","0","3","1.20","","0","-13.01"
"138","3086806","US DD1697","581","32.2","2026-04-13","429","11.08","0.13","0","3","1.30","","3","-3.31"
"138","3086806","US DD1697","582","33.1","2026-04-14","453","","","0","3","1.31","","8","-1.76"
"121","3087395","US DD1700","47","108.0","2026-04-13","629","19.35","0.38","0","3","1.03","","0","-5.73"
"121","3087395","US DD1700","48","104.3","2026-04-14","585","","","0","2","1.08","","0","-8.16"
"1272","","US 1703","","","2026-04-13","","","","","","","","",""
"1272","","US 1703","","","2026-04-14","","","","","","","","",""
"1274","","US DD1705","","","2026-04-13","","","","","","","","",""
"1274","","US DD1705","","","2026-04-14","","","","","","","","",""
"217","6634709","US DD1706","52","96.3","2026-04-13","511","17.38","0.33","0","3","1.11","","2","-14.99"
"217","6634709","US DD1706","53","92.6","2026-04-14","517","","","0","2","1.07","","0","-15.87"
"67","3086685","US DD1707","14","55.8","2026-04-13","561","15.38","0.20","1","4","1.11","","10","4.19"
"67","3086685","US DD1707","15","55.3","2026-04-14","488","","","0","2","1.05","","5","2.43"
"1276","","US DD1708","","","2026-04-13","","","","","","","","",""
"1276","","US DD1708","","","2026-04-14","","","","","","","","",""
"218","6632897","US DD1712","86","80.0","2026-04-13","292","14.88","0.28","0","3","1.22","","0","-6.17"
"218","6632897","US DD1712","87","80.2","2026-04-14","269","","","0","3","1.27","","1","-4.63"
"223","6632661","US DD1714","326","47.0","2026-04-13","461","11.85","0.28","0","2","1.40","","2","-3.31"
"223","6632661","US DD1714","327","45.9","2026-04-14","464","","","0","1","1.37","","3","-3.97"
"224","6642406","US DD1716","22","73.6","2026-04-13","422","4.46","5.95","0","1","1.02","","0","-0.88"
"224","6642406","US DD1716","23","","2026-04-14","105","","","","","","","",""
"1278","","US DD1719","","","2026-04-13","","","","","","","","",""
"1278","","US DD1719","","","2026-04-14","","","","","","","","",""
"1279","","US DD1720","","","2026-04-13","","","","","","","","",""
"1279","","US DD1720","","","2026-04-14","","","","","","","","",""
"1277","","US DD1715","","","2026-04-13","","","","","","","","",""
"1277","","US DD1715","","","2026-04-14","","","","","","","","",""
"1280","","US DD1721","","","2026-04-13","","","","","","","","",""
"1280","","US DD1721","","","2026-04-14","","","","","","","","",""
"227","6632644","US DD1723","387","78.5","2026-04-13","548","20.71","0.29","0","4","1.29","","0","-6.83"
"227","6632644","US DD1723","388","74.5","2026-04-14","554","","","0","3","1.28","","5","-10.58"
"236","6632625","US DD1722","31","61.1","2026-04-13","554","12.70","0.22","0","3","1.10","","0","-1.10"
"236","6632625","US DD1722","32","61.5","2026-04-14","581","","","0","2","1.13","","0","-1.10"
"4","3086632","US DD1724","32","34.0","2026-04-13","586","5.24","7.19","0","1","1.21","","0","3.09"
"4","3086632","US DD1724","33","34.0","2026-04-14","572","","","0","1","1.24","","0","3.09"
"1283","","US DD1726","","","2026-04-13","","","","","","","","",""
"1283","","US DD1726","","","2026-04-14","","","","","","","","",""
"52","3087406","DD1733","20","62.2","2026-04-13","504","10.86","1.30","0","2","0.90","","6","-9.04"
"52","3087406","DD1733","21","63.5","2026-04-14","469","","","0","3","1.08","","4","-5.95"
"1284","","US DD1731","","","2026-04-13","","","","","","","","",""
"1284","","US DD1731","","","2026-04-14","","","","","","","","",""
"1286","","US 1734","","","2026-04-13","","","","","","","","",""
"1286","","US 1734","","","2026-04-14","","","","","","","","",""
"1287","","US DD1736","","","2026-04-13","","","","","","","","",""
"1287","","US DD1736","","","2026-04-14","","","","","","","","",""
"1288","","US DD1737","","","2026-04-13","","","","","","","","",""
"1288","","US DD1737","","","2026-04-14","","","","","","","","",""
"266","6640786","US 1738","28","59.5","2026-04-13","475","11.50","0.24","0","3","1.08","","0","0.22"
"266","6640786","US 1738","29","63.1","2026-04-14","516","","","0","3","1.12","","0","3.09"
"226","6634736","US DD1739","317","30.2","2026-04-13","437","12.56","0.13","0","3","1.49","","4","-5.29"
"226","6634736","US DD1739","318","27.3","2026-04-14","468","","","0","2","1.52","","4","-7.05"
"1290","","US DD1740","","","2026-04-13","","","","","","","","",""
"1290","","US DD1740","","","2026-04-14","","","","","","","","",""
"1291","","US 1741","","","2026-04-13","","","","","","","","",""
"1291","","US 1741","","","2026-04-14","","","","","","","","",""
"1292","","US DD1743","","","2026-04-13","","","","","","","","",""
"1292","","US DD1743","","","2026-04-14","","","","","","","","",""
"3","3086603","US 1744","21","59.7","2026-04-13","540","11.92","0.34","0","3","1.02","","2","1.98"
"3","3086603","US 1744","22","59.1","2026-04-14","558","","","0","2","1.00","","1","0.44"
"1294","","US 1745","","","2026-04-13","","","","","","","","",""
"1294","","US 1745","","","2026-04-14","","","","","","","","",""
"184","3183423","US DD1747","20","22.9","2026-04-13","474","10.93","0.24","4","2","0.96","","4","-0.44"
"184","3183423","US DD1747","21","26.9","2026-04-14","452","","","1","2","0.99","","3","3.09"
"105","3087401","US DD1748","138","96.6","2026-04-13","560","21.67","0.27","0","4","1.30","","6","-5.51"
"105","3087401","US DD1748","139","94.8","2026-04-14","633","","","0","2","1.28","","3","-5.29"
"163","3352744","US DD1751","31","62.4","2026-04-13","458","14.74","0.37","0","5","0.88","","54","-1.76"
"163","3352744","US DD1751","32","63.1","2026-04-14","474","","","0","3","0.95","","9","-2.20"
"12","3086327","US DD1752","1","20.7","2026-04-13","283","3.90","0.73","0","2","1.45","","0","7.94"
"12","3086327","US DD1752","2","20.3","2026-04-14","224","","","0","2","1.30","","0","-0.22"
"144","3087427","US DD1755","18","52.0","2026-04-13","494","12.63","0.21","0","4","0.96","","18","0.22"
"144","3087427","US DD1755","19","50.7","2026-04-14","445","","","0","3","0.96","","10","-0.88"
"1299","","US DD1756","","","2026-04-13","","","","","","","","",""
"1299","","US DD1756","","","2026-04-14","","","","","","","","",""
"145","3086699","US DD1758","20","50.3","2026-04-13","614","12.28","0.16","0","4","0.92","","8","1.98"
"145","3086699","US DD1758","21","50.9","2026-04-14","540","","","0","2","0.89","","6","2.20"
"128","3087160","US DD1759","423","","2026-04-13","469","","","","","","","",""
"128","3087160","US DD1759","424","","2026-04-14","551","","","","","","","",""
"1301","","US DD1760","","","2026-04-13","","","","","","","","",""
"1301","","US DD1760","","","2026-04-14","","","","","","","","",""
"146","3087034","US DD1761","18","53.4","2026-04-13","557","12.13","0.76","0","2","1.03","","0","2.20"
"146","3087034","US DD1761","19","51.1","2026-04-14","538","","","0","1","1.03","","0","0.00"
"58","3086115","US DD1766","379","63.1","2026-04-13","479","16.25","0.23","0","3","1.25","","0","-3.53"
"58","3086115","US DD1766","380","63.3","2026-04-14","495","","","0","2","1.25","","1","-2.65"
"59","3087697","US DD1767","392","17.6","2026-04-13","484","5.00","0.65","0","2","2.02","","0","1.32"
"59","3087697","US DD1767","393","17.6","2026-04-14","560","","","0","0","","","1","2.20"
"37","3087451","US DD1768","363","51.4","2026-04-13","510","16.30","0.40","0","3","1.56","","2","-2.65"
"37","3087451","US DD1768","364","47.0","2026-04-14","512","","","0","2","1.57","","3","-5.95"
"164","3542845","US DD1769","12","103.2","2026-04-13","462","18.63","0.40","0","4","1.35","","1","9.92"
"164","3542845","US DD1769","13","106.7","2026-04-14","436","","","0","4","1.41","","3","10.58"
"89","3087349","US DD1763","318","65.3","2026-04-13","528","14.05","0.26","0","3","1.27","","3","-5.29"
"89","3087349","US DD1763","319","67.7","2026-04-14","522","","","0","3","1.30","","3","-1.98"
"1304","","US DD1773","","","2026-04-13","","","","","","","","",""
"1304","","US DD1773","","","2026-04-14","","","","","","","","",""
"1305","","US DD1774","","","2026-04-13","","","","","","","","",""
"1305","","US DD1774","","","2026-04-14","","","","","","","","",""
"117","3087338","US DD1775","20","48.1","2026-04-13","572","12.63","0.24","1","3","1.04","","1","4.41"
"117","3087338","US DD1775","21","49.4","2026-04-14","512","","","0","3","1.04","","2","3.31"
"1307","","US DD1776","","","2026-04-13","","","","","","","","",""
"1307","","US DD1776","","","2026-04-14","","","","","","","","",""
"1308","","US DD1777","","","2026-04-13","","","","","","","","",""
"1308","","US DD1777","","","2026-04-14","","","","","","","","",""
"1309","","US DD1778","","","2026-04-13","","","","","","","","",""
"1309","","US DD1778","","","2026-04-14","","","","","","","","",""
"1310","","US DD1780","","","2026-04-13","","","","","","","","",""
"1310","","US DD1780","","","2026-04-14","","","","","","","","",""
"1311","","US DD1781","","","2026-04-13","","","","","","","","",""
"1311","","US DD1781","","","2026-04-14","","","","","","","","",""
"1312","","US DD1785","","","2026-04-13","","","","","","","","",""
"1312","","US DD1785","","","2026-04-14","","","","","","","","",""
"1313","","US DD1786","","","2026-04-13","","","","","","","","",""
"1313","","US DD1786","","","2026-04-14","","","","","","","","",""
"1314","","US DD1787","","","2026-04-13","","","","","","","","",""
"1314","","US DD1787","","","2026-04-14","","","","","","","","",""
"215","6641856","US 1788","33","78.3","2026-04-13","568","13.33","0.23","0","4","1.00","","4","0.88"
"215","6641856","US 1788","34","75.2","2026-04-14","571","","","0","4","1.02","","2","-2.43"
"1316","","US DD1789","","","2026-04-13","","","","","","","","",""
"1316","","US DD1789","","","2026-04-14","","","","","","","","",""
"1317","","US 1789","","","2026-04-13","","","","","","","","",""
"1317","","US 1789","","","2026-04-14","","","","","","","","",""
"1318","","US 1790","","","2026-04-13","","","","","","","","",""
"1318","","US 1790","","","2026-04-14","","","","","","","","",""
"1319","","US DD1791","","","2026-04-13","","","","","","","","",""
"1319","","US DD1791","","","2026-04-14","","","","","","","","",""
"238","6634733","US DD1798","218","61.1","2026-04-13","445","12.80","0.43","0","3","1.30","","6","-6.61"
"238","6634733","US DD1798","219","61.7","2026-04-14","519","","","0","3","1.28","","6","-5.07"
"232","6632637","US DD1792","162","84.4","2026-04-13","572","19.88","0.41","0","3","1.50","","0","-11.46"
"232","6632637","US DD1792","163","87.7","2026-04-14","632","","","0","4","1.40","","3","-6.61"
"243","6633246","US DD1803","119","78.9","2026-04-13","542","12.62","3.55","0","2","1.18","","0","-17.42"
"243","6633246","US DD1803","120","76.3","2026-04-14","512","","","0","3","1.25","","0","-17.64"
"239","6641905","US DD1799","55","108.5","2026-04-13","540","16.25","0.52","0","4","1.02","","8","-16.75"
"239","6641905","US DD1799","56","108.2","2026-04-14","636","","","0","4","1.27","","3","-14.55"
"235","6633202","US DD1795","208","88.4","2026-04-13","598","17.28","0.31","0","4","1.27","","6","-10.36"
"235","6633202","US DD1795","209","86.6","2026-04-14","606","","","0","3","1.27","","4","-9.92"
"240","6633288","US DD1800","360","26.0","2026-04-13","439","10.72","0.15","0","3","1.42","","4","2.65"
"240","6633288","US DD1800","361","26.0","2026-04-14","505","","","0","1","1.43","","2","2.65"
"241","6634711","US DD1801","401","43.4","2026-04-13","569","14.18","0.18","0","3","1.56","","2","-1.10"
"241","6634711","US DD1801","402","42.3","2026-04-14","517","","","0","2","1.52","","1","-1.76"
"237","6635029","US DD1797","388","","2026-04-13","440","","","","","","","",""
"237","6635029","US DD1797","389","","2026-04-14","484","","","","","","","",""
"1320","","US DD1804","","","2026-04-13","","","","","","","","",""
"1320","","US DD1804","","","2026-04-14","","","","","","","","",""
"233","6634664","US DD1793","329","61.7","2026-04-13","451","11.01","0.13","0","2","1.46","","5","-1.98"
"233","6634664","US DD1793","330","61.1","2026-04-14","441","","","0","2","1.40","","8","-1.76"
"1321","","US DD1805","","","2026-04-13","","","","","","","","",""
"1321","","US DD1805","","","2026-04-14","","","","","","","","",""
"1322","","US DD1806","","","2026-04-13","","","","","","","","",""
"1322","","US DD1806","","","2026-04-14","","","","","","","","",""
"244","6632803","US DD1810","230","74.3","2026-04-13","523","16.85","0.27","0","4","1.29","","1","3.09"
"244","6632803","US DD1810","231","74.7","2026-04-14","510","","","0","3","1.24","","3","3.75"
"245","6634963","US DD1811","177","","2026-04-13","540","","","","","","","",""
"245","6634963","US DD1811","178","","2026-04-14","553","","","","","","","",""
"1323","3543443","US DD1812","","","2026-04-13","433","","","","","","","",""
"1323","3543443","US DD1812","","","2026-04-14","441","","","","","","","",""
"1324","","US DD1813","","","2026-04-13","","","","","","","","",""
"1324","","US DD1813","","","2026-04-14","","","","","","","","",""
"1325","","US 1815","","","2026-04-13","","","","","","","","",""
"1325","","US 1815","","","2026-04-14","","","","","","","","",""
"248","6635044","US DD1816","333","73.6","2026-04-13","524","14.64","0.22","0","3","1.23","","2","-0.66"
"248","6635044","US DD1816","334","73.2","2026-04-14","552","","","0","2","1.21","","2","-0.88"
"253","6634702","US DD1821","472","50.7","2026-04-13","440","13.76","0.19","0","3","1.23","","22","-2.20"
"253","6634702","US DD1821","473","48.7","2026-04-14","420","","","0","2","1.22","","18","-3.53"
"136","3087368","US DD1819","237","59.3","2026-04-13","604","12.13","0.17","0","2","1.28","","0","-1.98"
"136","3087368","US DD1819","238","56.7","2026-04-14","491","","","0","3","1.30","","4","-3.53"
"260","6634655","US DD1828","193","61.5","2026-04-13","612","13.51","0.25","0","3","1.20","","1","5.95"
"260","6634655","US DD1828","194","63.7","2026-04-14","591","","","0","2","1.17","","3","7.05"
"256","6634673","US DD1824","187","100.1","2026-04-13","564","17.08","0.41","0","4","1.36","","5","-1.10"
"256","6634673","US DD1824","188","101.6","2026-04-14","617","","","0","4","1.30","","4","1.54"
"261","6634657","US DD1829","142","97.0","2026-04-13","535","17.20","0.33","0","4","1.17","","6","-3.53"
"261","6634657","US DD1829","143","96.1","2026-04-14","580","","","0","3","1.27","","5","-2.87"
"258","6641953","US DD1826","363","","2026-04-13","521","","","","","","","",""
"258","6641953","US DD1826","364","","2026-04-14","511","","","","","","","",""
"1326","","US DD1326","","","2026-04-13","","","","","","","","",""
"1326","","US DD1326","","","2026-04-14","","","","","","","","",""
"1327","","US DD1832","","","2026-04-13","","","","","","","","",""
"1327","","US DD1832","","","2026-04-14","","","","","","","","",""
"1328","","US DD1833","","","2026-04-13","","","","","","","","",""
"1328","","US DD1833","","","2026-04-14","","","","","","","","",""
"231","6635053","US DD1834","222","22.7","2026-04-13","531","7.68","0.08","1","1","1.26","","0","1.32"
"231","6635053","US DD1834","223","21.4","2026-04-14","565","","","0","2","1.21","","0","0.22"
"221","6635124","US DD1836","212","80.9","2026-04-13","576","13.33","3.33","0","2","1.42","","0","-4.19"
"221","6635124","US DD1836","213","84.2","2026-04-14","508","","","0","3","1.43","","0","0.22"
"1329","","US DD1835","","","2026-04-13","","","","","","","","",""
"1329","","US DD1835","","","2026-04-14","","","","","","","","",""
"1331","","US DD1841","","","2026-04-13","","","","","","","","",""
"1331","","US DD1841","","","2026-04-14","","","","","","","","",""
"1330","","US DD1840","","","2026-04-13","","","","","","","","",""
"1330","","US DD1840","","","2026-04-14","","","","","","","","",""
"1332","","US DD1842","","","2026-04-13","","","","","","","","",""
"1332","","US DD1842","","","2026-04-14","","","","","","","","",""
"787","3184144","US DD1846","232","34.8","2026-04-13","525","12.49","0.18","0","3","1.60","","1","-1.32"
"787","3184144","US DD1846","233","34.4","2026-04-14","482","","","0","2","1.58","","5","-1.54"
"1335","","US DD1848","","","2026-04-13","","","","","","","","",""
"1335","","US DD1848","","","2026-04-14","","","","","","","","",""
"1336","","US DD1849","","","2026-04-13","","","","","","","","",""
"1336","","US DD1849","","","2026-04-14","","","","","","","","",""
"1337","","US DD1851","","","2026-04-13","","","","","","","","",""
"1337","","US DD1851","","","2026-04-14","","","","","","","","",""
"1338","","US DD1852","","","2026-04-13","","","","","","","","",""
"1338","","US DD1852","","","2026-04-14","","","","","","","","",""
"1339","","US DD1853","","","2026-04-13","","","","","","","","",""
"1339","","US DD1853","","","2026-04-14","","","","","","","","",""
"1340","","US DD1855","","","2026-04-13","","","","","","","","",""
"1340","","US DD1855","","","2026-04-14","","","","","","","","",""
"1341","","US DD1856","","","2026-04-13","","","","","","","","",""
"1341","","US DD1856","","","2026-04-14","","","","","","","","",""
"1342","","US DD1858","","","2026-04-13","","","","","","","","",""
"1342","","US DD1858","","","2026-04-14","","","","","","","","",""
"1343","","US 1859","","","2026-04-13","","","","","","","","",""
"1343","","US 1859","","","2026-04-14","","","","","","","","",""
"1345","","US DD1861","","","2026-04-13","","","","","","","","",""
"1345","","US DD1861","","","2026-04-14","","","","","","","","",""
"1344","","US DD1860","","","2026-04-13","","","","","","","","",""
"1344","","US DD1860","","","2026-04-14","","","","","","","","",""
"1347","","US DD1863","","","2026-04-13","","","","","","","","",""
"1347","","US DD1863","","","2026-04-14","","","","","","","","",""
"1346","","US DD1862","","","2026-04-13","","","","","","","","",""
"1346","","US DD1862","","","2026-04-14","","","","","","","","",""
"1348","","US DD1864","","","2026-04-13","","","","","","","","",""
"1348","","US DD1864","","","2026-04-14","","","","","","","","",""
"1349","","US DD1865","","","2026-04-13","","","","","","","","",""
"1349","","US DD1865","","","2026-04-14","","","","","","","","",""
"1350","","US DD1866","","","2026-04-13","","","","","","","","",""
"1350","","US DD1866","","","2026-04-14","","","","","","","","",""
"1351","","US DD1867","","","2026-04-13","","","","","","","","",""
"1351","","US DD1867","","","2026-04-14","","","","","","","","",""
"1353","","US DD1869","","","2026-04-13","","","","","","","","",""
"1353","","US DD1869","","","2026-04-14","","","","","","","","",""
"1354","","US DD1870","","","2026-04-13","","","","","","","","",""
"1354","","US DD1870","","","2026-04-14","","","","","","","","",""
"270","6642008","US DD1871","154","90.2","2026-04-13","465","16.19","0.35","0","4","1.39","","1","-12.35"
"270","6642008","US DD1871","155","90.6","2026-04-14","562","","","0","4","1.37","","9","-10.36"
"1355","","US DD1872","","","2026-04-13","","","","","","","","",""
"1355","","US DD1872","","","2026-04-14","","","","","","","","",""
"1356","","US DD1873","","","2026-04-13","","","","","","","","",""
"1356","","US DD1873","","","2026-04-14","","","","","","","","",""
"1357","","US DD1874","","","2026-04-13","","","","","","","","",""
"1357","","US DD1874","","","2026-04-14","","","","","","","","",""
"1358","","US DD1875","","","2026-04-13","","","","","","","","",""
"1358","","US DD1875","","","2026-04-14","","","","","","","","",""
"1359","","US DD1876","","","2026-04-13","","","","","","","","",""
"1359","","US DD1876","","","2026-04-14","","","","","","","","",""
"1360","","US DD1877","","","2026-04-13","","","","","","","","",""
"1360","","US DD1877","","","2026-04-14","","","","","","","","",""
"1361","","US DD1878","","","2026-04-13","","","","","","","","",""
"1361","","US DD1878","","","2026-04-14","","","","","","","","",""
"1362","","US DD1879","","","2026-04-13","","","","","","","","",""
"1362","","US DD1879","","","2026-04-14","","","","","","","","",""
"1363","","US DD1880","","","2026-04-13","","","","","","","","",""
"1363","","US DD1880","","","2026-04-14","","","","","","","","",""
"1364","","US DD1882","","","2026-04-13","","","","","","","","",""
"1364","","US DD1882","","","2026-04-14","","","","","","","","",""
"1365","","US DD1883","","","2026-04-13","","","","","","","","",""
"1365","","US DD1883","","","2026-04-14","","","","","","","","",""
"1366","","US 1884","","","2026-04-13","","","","","","","","",""
"1366","","US 1884","","","2026-04-14","","","","","","","","",""
"1367","","US 1885","","","2026-04-13","","","","","","","","",""
"1367","","US 1885","","","2026-04-14","","","","","","","","",""
"1368","","US DD1886","","","2026-04-13","","","","","","","","",""
"1368","","US DD1886","","","2026-04-14","","","","","","","","",""
"1369","","US DD1887","","","2026-04-13","","","","","","","","",""
"1369","","US DD1887","","","2026-04-14","","","","","","","","",""
"1370","","US DD1888","","","2026-04-13","","","","","","","","",""
"1370","","US DD1888","","","2026-04-14","","","","","","","","",""
"1371","","US DD1889","","","2026-04-13","","","","","","","","",""
"1371","","US DD1889","","","2026-04-14","","","","","","","","",""
"1373","","US DD1891","","","2026-04-13","","","","","","","","",""
"1373","","US DD1891","","","2026-04-14","","","","","","","","",""
"1374","","US DD1892","","","2026-04-13","","","","","","","","",""
"1374","","US DD1892","","","2026-04-14","","","","","","","","",""
"1375","","US 1893","","","2026-04-13","","","","","","","","",""
"1375","","US 1893","","","2026-04-14","","","","","","","","",""
"1376","","US DD1894","","","2026-04-13","","","","","","","","",""
"1376","","US DD1894","","","2026-04-14","","","","","","","","",""
"1378","","US DD1896","","","2026-04-13","","","","","","","","",""
"1378","","US DD1896","","","2026-04-14","","","","","","","","",""
"1379","","US DD1897","","","2026-04-13","","","","","","","","",""
"1379","","US DD1897","","","2026-04-14","","","","","","","","",""
"1380","","US DD1898","","","2026-04-13","","","","","","","","",""
"1380","","US DD1898","","","2026-04-14","","","","","","","","",""
"1381","","US DD1899","","","2026-04-13","","","","","","","","",""
"1381","","US DD1899","","","2026-04-14","","","","","","","","",""
"20042","","","","","2026-04-13","","","","","","","","",""
"20042","","","","","2026-04-14","","","","","","","","",""
"1382","","US DD1900","","","2026-04-13","","","","","","","","",""
"1382","","US DD1900","","","2026-04-14","","","","","","","","",""
"1383","","US DD1901","","","2026-04-13","","","","","","","","",""
"1383","","US DD1901","","","2026-04-14","","","","","","","","",""
"1384","","US DD1902","","","2026-04-13","","","","","","","","",""
"1384","","US DD1902","","","2026-04-14","","","","","","","","",""
"1385","","US DD1903","","","2026-04-13","","","","","","","","",""
"1385","","US DD1903","","","2026-04-14","","","","","","","","",""
"1386","","US DD1904","","","2026-04-13","","","","","","","","",""
"1386","","US DD1904","","","2026-04-14","","","","","","","","",""
"1387","","US DD1905","","","2026-04-13","","","","","","","","",""
"1387","","US DD1905","","","2026-04-14","","","","","","","","",""
"1388","","US DD1906","","","2026-04-13","","","","","","","","",""
"1388","","US DD1906","","","2026-04-14","","","","","","","","",""
"1389","","US DD907","","","2026-04-13","","","","","","","","",""
"1389","","US DD907","","","2026-04-14","","","","","","","","",""
"1390","","US DD1908","","","2026-04-13","","","","","","","","",""
"1390","","US DD1908","","","2026-04-14","","","","","","","","",""
"1391","","US DD1909","","","2026-04-13","","","","","","","","",""
"1391","","US DD1909","","","2026-04-14","","","","","","","","",""
"1392","","US DD1910","","","2026-04-13","","","","","","","","",""
"1392","","US DD1910","","","2026-04-14","","","","","","","","",""
"1393","","US DD1911","","","2026-04-13","","","","","","","","",""
"1393","","US DD1911","","","2026-04-14","","","","","","","","",""
"1394","","US DD1912","","","2026-04-13","","","","","","","","",""
"1394","","US DD1912","","","2026-04-14","","","","","","","","",""
"1395","","US DD1913","","","2026-04-13","","","","","","","","",""
"1395","","US DD1913","","","2026-04-14","","","","","","","","",""
"1396","","US 1914","","","2026-04-13","","","","","","","","",""
"1396","","US 1914","","","2026-04-14","","","","","","","","",""
"1397","","US DD1915","","","2026-04-13","","","","","","","","",""
"1397","","US DD1915","","","2026-04-14","","","","","","","","",""
"1398","","US 1916","","","2026-04-13","","","","","","","","",""
"1398","","US 1916","","","2026-04-14","","","","","","","","",""
"1399","","US DD1917","","","2026-04-13","","","","","","","","",""
"1399","","US DD1917","","","2026-04-14","","","","","","","","",""
"1400","","US DD1918","","","2026-04-13","","","","","","","","",""
"1400","","US DD1918","","","2026-04-14","","","","","","","","",""
"1401","","US DD1919","","","2026-04-13","","","","","","","","",""
"1401","","US DD1919","","","2026-04-14","","","","","","","","",""
"1402","","US DD1920","","","2026-04-13","","","","","","","","",""
"1402","","US DD1920","","","2026-04-14","","","","","","","","",""
"1403","","US DD1921","","","2026-04-13","","","","","","","","",""
"1403","","US DD1921","","","2026-04-14","","","","","","","","",""
"1404","","US DD1922","","","2026-04-13","","","","","","","","",""
"1404","","US DD1922","","","2026-04-14","","","","","","","","",""
"1407","","US DD1925","","","2026-04-13","","","","","","","","",""
"1407","","US DD1925","","","2026-04-14","","","","","","","","",""
"1408","","US DD1926","","","2026-04-13","","","","","","","","",""
"1408","","US DD1926","","","2026-04-14","","","","","","","","",""
"1410","","US DD1928","","","2026-04-13","","","","","","","","",""
"1410","","US DD1928","","","2026-04-14","","","","","","","","",""
"1411","","US DD1929","","","2026-04-13","","","","","","","","",""
"1411","","US DD1929","","","2026-04-14","","","","","","","","",""
"1412","","US DD1930","","","2026-04-13","","","","","","","","",""
"1412","","US DD1930","","","2026-04-14","","","","","","","","",""
"1413","","US DD193114","","","2026-04-13","","","","","","","","",""
"1413","","US DD193114","","","2026-04-14","","","","","","","","",""
"1414","","US DD1932","","","2026-04-13","","","","","","","","",""
"1414","","US DD1932","","","2026-04-14","","","","","","","","",""
"1415","","US DD1933","","","2026-04-13","","","","","","","","",""
"1415","","US DD1933","","","2026-04-14","","","","","","","","",""
"1416","","DD1934","","","2026-04-13","","","","","","","","",""
"1416","","DD1934","","","2026-04-14","","","","","","","","",""
"1417","","US DD1935","","","2026-04-13","","","","","","","","",""
"1417","","US DD1935","","","2026-04-14","","","","","","","","",""
"1418","","US DD1936","","","2026-04-13","","","","","","","","",""
"1418","","US DD1936","","","2026-04-14","","","","","","","","",""
"1419","","US DD1937","","","2026-04-13","","","","","","","","",""
"1419","","US DD1937","","","2026-04-14","","","","","","","","",""
"1420","","US DD1938","","","2026-04-13","","","","","","","","",""
"1420","","US DD1938","","","2026-04-14","","","","","","","","",""
"1421","","US 1939","","","2026-04-13","","","","","","","","",""
"1421","","US 1939","","","2026-04-14","","","","","","","","",""
"1422","","US 1940","","","2026-04-13","","","","","","","","",""
"1422","","US 1940","","","2026-04-14","","","","","","","","",""
"1423","","US 1941","","","2026-04-13","","","","","","","","",""
"1423","","US 1941","","","2026-04-14","","","","","","","","",""
"1424","","US DD1942","","","2026-04-13","","","","","","","","",""
"1424","","US DD1942","","","2026-04-14","","","","","","","","",""
"1425","","US 1943","","","2026-04-13","","","","","","","","",""
"1425","","US 1943","","","2026-04-14","","","","","","","","",""
"1426","","US DD 1944","","","2026-04-13","","","","","","","","",""
"1426","","US DD 1944","","","2026-04-14","","","","","","","","",""
"20047","","","","","2026-04-13","","","","","","","","",""
"20047","","","","","2026-04-14","","","","","","","","",""
"1427","","US 1945","","","2026-04-13","","","","","","","","",""
"1427","","US 1945","","","2026-04-14","","","","","","","","",""
"1428","","DD1946","","","2026-04-13","","","","","","","","",""
"1428","","DD1946","","","2026-04-14","","","","","","","","",""
"1429","","DD1947","","","2026-04-13","","","","","","","","",""
"1429","","DD1947","","","2026-04-14","","","","","","","","",""
"1430","","US DD1948","","","2026-04-13","","","","","","","","",""
"1430","","US DD1948","","","2026-04-14","","","","","","","","",""
"1431","","US DD1949","","","2026-04-13","","","","","","","","",""
"1431","","US DD1949","","","2026-04-14","","","","","","","","",""
"1432","","US 1950","","","2026-04-13","","","","","","","","",""
"1432","","US 1950","","","2026-04-14","","","","","","","","",""
"1433","","US DD1951","","","2026-04-13","","","","","","","","",""
"1433","","US DD1951","","","2026-04-14","","","","","","","","",""
"1434","","US DD1952","","","2026-04-13","","","","","","","","",""
"1434","","US DD1952","","","2026-04-14","","","","","","","","",""
"1435","","US DD1953","","","2026-04-13","","","","","","","","",""
"1435","","US DD1953","","","2026-04-14","","","","","","","","",""
"1436","","DD1954 ","","","2026-04-13","","","","","","","","",""
"1436","","DD1954 ","","","2026-04-14","","","","","","","","",""
"1437","","DD1793","","","2026-04-13","","","","","","","","",""
"1437","","DD1793","","","2026-04-14","","","","","","","","",""
"1439","","US DD1957","","","2026-04-13","","","","","","","","",""
"1439","","US DD1957","","","2026-04-14","","","","","","","","",""
"1438","","US DD1956","","","2026-04-13","","","","","","","","",""
"1438","","US DD1956","","","2026-04-14","","","","","","","","",""
"1441","","DD1959","","","2026-04-13","","","","","","","","",""
"1441","","DD1959","","","2026-04-14","","","","","","","","",""
"1442","","US DD1960","","","2026-04-13","","","","","","","","",""
"1442","","US DD1960","","","2026-04-14","","","","","","","","",""
"1443","","US DD1961","","","2026-04-13","","","","","","","","",""
"1443","","US DD1961","","","2026-04-14","","","","","","","","",""
"1444","","US DD1962","","","2026-04-13","","","","","","","","",""
"1444","","US DD1962","","","2026-04-14","","","","","","","","",""
"81","3087668","US DD1574","258","57.8","2026-04-13","467","17.07","0.28","0","4","1.38","","13","-4.19"
"81","3087668","US DD1574","259","56.7","2026-04-14","454","","","0","2","1.35","","0","-4.41"
"0","","","","","2026-04-13","","","","","","","","",""
"0","","","","","2026-04-14","","","","","","","","",""
"1445","","USDD1964","","","2026-04-13","","","","","","","","",""
"1445","","USDD1964","","","2026-04-14","","","","","","","","",""
"1446","","USDD1965","","","2026-04-13","","","","","","","","",""
"1446","","USDD1965","","","2026-04-14","","","","","","","","",""
"1447","","US DD1966","","","2026-04-13","","","","","","","","",""
"1447","","US DD1966","","","2026-04-14","","","","","","","","",""
"1449","","USDD1968","","","2026-04-13","","","","","","","","",""
"1449","","USDD1968","","","2026-04-14","","","","","","","","",""
"1450","","US DD1969","","","2026-04-13","","","","","","","","",""
"1450","","US DD1969","","","2026-04-14","","","","","","","","",""
"1451","","US DD1970","","","2026-04-13","","","","","","","","",""
"1451","","US DD1970","","","2026-04-14","","","","","","","","",""
"1452","","US DD1971","","","2026-04-13","","","","","","","","",""
"1452","","US DD1971","","","2026-04-14","","","","","","","","",""
"1453","","US DD1972","","","2026-04-13","","","","","","","","",""
"1453","","US DD1972","","","2026-04-14","","","","","","","","",""
"1454","","US DD1973","","","2026-04-13","","","","","","","","",""
"1454","","US DD1973","","","2026-04-14","","","","","","","","",""
"1456","","US DD1975","","","2026-04-13","","","","","","","","",""
"1456","","US DD1975","","","2026-04-14","","","","","","","","",""
"1457","","US DD1976","","","2026-04-13","","","","","","","","",""
"1457","","US DD1976","","","2026-04-14","","","","","","","","",""
"1458","","US DD1977","","","2026-04-13","","","","","","","","",""
"1458","","US DD1977","","","2026-04-14","","","","","","","","",""
"1459","","US 1978","","","2026-04-13","","","","","","","","",""
"1459","","US 1978","","","2026-04-14","","","","","","","","",""
"75","3088111","US DD1583","227","34.2","2026-04-13","541","10.86","0.86","0","2","1.42","","0","-2.20"
"75","3088111","US DD1583","228","33.7","2026-04-14","573","","","0","2","1.24","","0","-0.88"
"1460","","US DD1979","","","2026-04-13","","","","","","","","",""
"1460","","US DD1979","","","2026-04-14","","","","","","","","",""
"1461","","US DD1980","","","2026-04-13","","","","","","","","",""
"1461","","US DD1980","","","2026-04-14","","","","","","","","",""
"1462","","USDD1981","","","2026-04-13","","","","","","","","",""
"1462","","USDD1981","","","2026-04-14","","","","","","","","",""
"1463","","US DD1982","","","2026-04-13","","","","","","","","",""
"1463","","US DD1982","","","2026-04-14","","","","","","","","",""
"1464","","US DD1983","","","2026-04-13","","","","","","","","",""
"1464","","US DD1983","","","2026-04-14","","","","","","","","",""
"1465","","US DD1984","","","2026-04-13","","","","","","","","",""
"1465","","US DD1984","","","2026-04-14","","","","","","","","",""
"1466","","US DD1985","","","2026-04-13","","","","","","","","",""
"1466","","US DD1985","","","2026-04-14","","","","","","","","",""
"1467","","US 1986","","","2026-04-13","","","","","","","","",""
"1467","","US 1986","","","2026-04-14","","","","","","","","",""
"1468","","US 1987","","","2026-04-13","","","","","","","","",""
"1468","","US 1987","","","2026-04-14","","","","","","","","",""
"1469","","US DD1988","","","2026-04-13","","","","","","","","",""
"1469","","US DD1988","","","2026-04-14","","","","","","","","",""
"1470","","US DD1989","","","2026-04-13","","","","","","","","",""
"1470","","US DD1989","","","2026-04-14","","","","","","","","",""
"20049","","","","","2026-04-13","","","","","","","","",""
"20049","","","","","2026-04-14","","","","","","","","",""
"0","","","","","2026-04-13","","","","","","","","",""
"0","","","","","2026-04-14","","","","","","","","",""
"1471","","US DD1990","","","2026-04-13","","","","","","","","",""
"1471","","US DD1990","","","2026-04-14","","","","","","","","",""
"1472","","US DD1991","","","2026-04-13","","","","","","","","",""
"1472","","US DD1991","","","2026-04-14","","","","","","","","",""
"0","","","","","2026-04-13","","","","","","","","",""
"0","","","","","2026-04-14","","","","","","","","",""
"0","","","","","2026-04-13","","","","","","","","",""
"0","","","","","2026-04-14","","","","","","","","",""
"0","","","","","2026-04-13","","","","","","","","",""
"0","","","","","2026-04-14","","","","","","","","",""
"1473","","DD 1992","","","2026-04-13","","","","","","","","",""
"1473","","DD 1992","","","2026-04-14","","","","","","","","",""
"1474","","US DD1993","","","2026-04-13","","","","","","","","",""
"1474","","US DD1993","","","2026-04-14","","","","","","","","",""
"1476","","US DD1995","","","2026-04-13","","","","","","","","",""
"1476","","US DD1995","","","2026-04-14","","","","","","","","",""
"1475","","US 1994","","","2026-04-13","","","","","","","","",""
"1475","","US 1994","","","2026-04-14","","","","","","","","",""
"1477","","US DD1996","","","2026-04-13","","","","","","","","",""
"1477","","US DD1996","","","2026-04-14","","","","","","","","",""
"1478","","US DD1997","","","2026-04-13","","","","","","","","",""
"1478","","US DD1997","","","2026-04-14","","","","","","","","",""
"1479","","US DD1998","","","2026-04-13","","","","","","","","",""
"1479","","US DD1998","","","2026-04-14","","","","","","","","",""
"1480","","US DD1999","","","2026-04-13","","","","","","","","",""
"1480","","US DD1999","","","2026-04-14","","","","","","","","",""
"1481","","US DD2000","","","2026-04-13","","","","","","","","",""
"1481","","US DD2000","","","2026-04-14","","","","","","","","",""
"1482","","US DD2001","","","2026-04-13","","","","","","","","",""
"1482","","US DD2001","","","2026-04-14","","","","","","","","",""
"1485","","US DD2004","","","2026-04-13","","","","","","","","",""
"1485","","US DD2004","","","2026-04-14","","","","","","","","",""
"1486","","US D2005","","","2026-04-13","","","","","","","","",""
"1486","","US D2005","","","2026-04-14","","","","","","","","",""
"0","","","","","2026-04-13","","","","","","","","",""
"0","","","","","2026-04-14","","","","","","","","",""
"1487","","US DD2006","","","2026-04-13","","","","","","","","",""
"1487","","US DD2006","","","2026-04-14","","","","","","","","",""
"1488","","US DD2007","","","2026-04-13","","","","","","","","",""
"1488","","US DD2007","","","2026-04-14","","","","","","","","",""
"1489","","US DD2008","","","2026-04-13","","","","","","","","",""
"1489","","US DD2008","","","2026-04-14","","","","","","","","",""
"1490","","US DD2009","","","2026-04-13","","","","","","","","",""
"1490","","US DD2009","","","2026-04-14","","","","","","","","",""
"1491","","DD2010","","","2026-04-13","","","","","","","","",""
"1491","","DD2010","","","2026-04-14","","","","","","","","",""
"0","","","","","2026-04-13","","","","","","","","",""
"0","","","","","2026-04-14","","","","","","","","",""
"1492","","US DD2011","","","2026-04-13","","","","","","","","",""
"1492","","US DD2011","","","2026-04-14","","","","","","","","",""
"191","3183576","US DD1578","35","43.7","2026-04-13","491","12.02","1.70","0","2","1.12","","1","4.19"
"191","3183576","US DD1578","36","44.3","2026-04-14","505","","","0","1","1.13","","0","3.53"
"0","","","","","2026-04-13","","","","","","","","",""
"0","","","","","2026-04-14","","","","","","","","",""
"1493","","US DD2012","","","2026-04-13","","","","","","","","",""
"1493","","US DD2012","","","2026-04-14","","","","","","","","",""
"1494","","US DD2013","","","2026-04-13","","","","","","","","",""
"1494","","US DD2013","","","2026-04-14","","","","","","","","",""
"0","","","","","2026-04-13","","","","","","","","",""
"0","","","","","2026-04-14","","","","","","","","",""
"0","","","","","2026-04-13","","","","","","","","",""
"0","","","","","2026-04-14","","","","","","","","",""
"1207","","US DD1576","","","2026-04-13","","","","","","","","",""
"1207","","US DD1576","","","2026-04-14","","","","","","","","",""
"1213","","US DD1582","","","2026-04-13","","","","","","","","",""
"1213","","US DD1582","","","2026-04-14","","","","","","","","",""
"0","","","","","2026-04-13","","","","","","","","",""
"0","","","","","2026-04-14","","","","","","","","",""
"1497","","US 2015","","","2026-04-13","","","","","","","","",""
"1497","","US 2015","","","2026-04-14","","","","","","","","",""
"1498","","US DD2017","","","2026-04-13","","","","","","","","",""
"1498","","US DD2017","","","2026-04-14","","","","","","","","",""
"1499","","US DD2018","","","2026-04-13","","","","","","","","",""
"1499","","US DD2018","","","2026-04-14","","","","","","","","",""
"1500","","US DD2019","","","2026-04-13","","","","","","","","",""
"1500","","US DD2019","","","2026-04-14","","","","","","","","",""
"1501","","US DD2020","","","2026-04-13","","","","","","","","",""
"1501","","US DD2020","","","2026-04-14","","","","","","","","",""
"1502","","US DD2021","","","2026-04-13","","","","","","","","",""
"1502","","US DD2021","","","2026-04-14","","","","","","","","",""
"1503","","US DD2022","","","2026-04-13","","","","","","","","",""
"1503","","US DD2022","","","2026-04-14","","","","","","","","",""
"0","","","","","2026-04-13","","","","","","","","",""
"0","","","","","2026-04-14","","","","","","","","",""
"0","","","","","2026-04-13","","","","","","","","",""
"0","","","","","2026-04-14","","","","","","","","",""